spacecraft,groundstation,station_code,station_mode,filter_station,aos,los,aos_doy,los_doy,aos_time,los_time,aos_mt,doy,duration_min,peak_elevation,az_path,in_sun,mode,deleted,color,source_file,is_leafspace
COSMO,CL01-05,CL01-05,CL01-05 SBD,LEAF SPACE,2026-10-07T19:47:50.070000+00:00,2026-10-07T19:57:14.122000+00:00,2026/280-19:47:50,2026/280-19:57:14,19:47:50,19:57:14,13:47:50,2026/280,9.4 min,62.5°,--→--,YES,SBD,False,#b88df7,passes_leafspace.pkl,True
COSMO,CL01-01,CL01-01,CL01-01 SBD,LEAF SPACE,2026-10-07T21:22:16.121000+00:00,2026-10-07T21:29:45.945000+00:00,2026/280-21:22:16,2026/280-21:29:45,21:22:16,21:29:45,15:22:16,2026/280,7.5 min,17.0°,--→--,YES,SBD,False,#b88df7,passes_leafspace.pkl,True
COSMO,CL01-04,CL01-04,CL01-04 SBD,LEAF SPACE,2026-10-08T19:30:05.427000+00:00,2026-10-08T19:39:13.819000+00:00,2026/281-19:30:05,2026/281-19:39:13,19:30:05,19:39:13,13:30:05,2026/281,9.1 min,40.2°,--→--,YES,SBD,False,#b88df7,passes_leafspace.pkl,True
COSMO,CL01-01,CL01-01,CL01-01 SBD,LEAF SPACE,2026-10-08T21:04:12.822000+00:00,2026-10-08T21:12:30.116000+00:00,2026/281-21:04:12,2026/281-21:12:30,21:04:12,21:12:30,15:04:12,2026/281,8.3 min,23.5°,--→--,YES,SBD,False,#b88df7,passes_leafspace.pkl,True
SPRITE,FAIRBANKS,UAF,UAF UHF,FAIRBANKS,2026-10-09T01:52:34.496158+00:00,2026-10-09T01:59:51.250432+00:00,2026/282-01:52:34,2026/282-01:59:51,01:52:34,01:59:51,19:52:34,2026/282,7.3 min,5.5°,NE→NW,YES,UHF,False,#2fd23b,passes_manual.pkl,False
CANVAS,FAIRBANKS,UAF,UAF DELETED,FAIRBANKS,2026-10-09T02:01:26.203506+00:00,2026-10-09T02:05:52.104970+00:00,2026/282-02:01:26,2026/282-02:05:52,02:01:26,02:05:52,20:01:26,2026/282,4.4 min,1.7°,W→SW,YES,DELETED,True,#777777,passes_manual.pkl,False
COSMO,FAIRBANKS,UAF,UAF UHF,FAIRBANKS,2026-10-09T02:21:43.387138+00:00,2026-10-09T02:28:39.593161+00:00,2026/282-02:21:43,2026/282-02:28:39,02:21:43,02:28:39,20:21:43,2026/282,6.9 min,4.5°,W→NW,YES,UHF,False,#b88df7,passes_manual.pkl,False
AEPEX,FAIRBANKS,UAF,UAF UHF,FAIRBANKS,2026-10-09T02:37:15.698641+00:00,2026-10-09T02:43:05.566893+00:00,2026/282-02:37:15,2026/282-02:43:05,02:37:15,02:43:05,20:37:15,2026/282,5.8 min,2.9°,W→NW,YES,UHF,False,#ff5050,passes_manual.pkl,False
SPRITE,BOULDER,LASP,LASP UHF,BOULDER,2026-10-09T03:15:34.341006+00:00,2026-10-09T03:23:15.540416+00:00,2026/282-03:15:34,2026/282-03:23:15,03:15:34,03:23:15,21:15:34,2026/282,7.7 min,6.4°,E→N,NO,UHF,False,#2fd23b,passes_manual.pkl,False
SPRITE,FAIRBANKS,UAF,UAF DELETED,FAIRBANKS,2026-10-09T03:24:26.452207+00:00,2026-10-09T03:32:39.915970+00:00,2026/282-03:24:26,2026/282-03:32:39,03:24:26,03:32:39,21:24:26,2026/282,8.2 min,7.8°,NE→NW,NO,DELETED,True,#777777,passes_manual.pkl,False
SPRITE,BOULDER,LASP,LASP UHF,BOULDER,2026-10-09T04:46:54.009990+00:00,2026-10-09T04:58:31.501474+00:00,2026/282-04:46:54,2026/282-04:58:31,04:46:54,04:58:31,22:46:54,2026/282,11.6 min,86.0°,S→N,NO,UHF,False,#2fd23b,passes_manual.pkl,False
SPRITE,FAIRBANKS,UAF,UAF DELETED,FAIRBANKS,2026-10-09T04:56:08.763619+00:00,2026-10-09T05:06:24.329578+00:00,2026/282-04:56:08,2026/282-05:06:24,04:56:08,05:06:24,22:56:08,2026/282,10.3 min,17.7°,E→N,NO,DELETED,True,#777777,passes_manual.pkl,False
SPRITE,BOULDER,LASP,LASP UHF,BOULDER,2026-10-09T06:23:49.889130+00:00,2026-10-09T06:30:36.720866+00:00,2026/282-06:23:49,2026/282-06:30:36,06:23:49,06:30:36,00:23:49,2026/282,6.8 min,4.3°,SW→NW,NO,UHF,False,#2fd23b,passes_manual.pkl,False
SPRITE,FAIRBANKS,UAF,UAF DELETED,FAIRBANKS,2026-10-09T06:28:53.373427+00:00,2026-10-09T06:40:28.829045+00:00,2026/282-06:28:53,2026/282-06:40:28,06:28:53,06:40:28,00:28:53,2026/282,11.6 min,59.9°,SE→N,NO,DELETED,True,#777777,passes_manual.pkl,False
SPRITE,FAIRBANKS,UAF,UAF UHF,FAIRBANKS,2026-10-09T08:03:21.563259+00:00,2026-10-09T08:14:32.483400+00:00,2026/282-08:03:21,2026/282-08:14:32,08:03:21,08:14:32,02:03:21,2026/282,11.2 min,28.4°,S→N,NO,UHF,False,#2fd23b,passes_manual.pkl,False
COSMO,BOULDER,LASP,LASP UHF,BOULDER,2026-10-09T08:59:14.380238+00:00,2026-10-09T09:08:52.653382+00:00,2026/282-08:59:14,2026/282-09:08:52,08:59:14,09:08:52,02:59:14,2026/282,9.6 min,12.6°,NE→SE,NO,UHF,False,#b88df7,passes_manual.pkl,False
AEPEX,BOULDER,LASP,LASP UHF+SBD,BOULDER,2026-10-09T09:13:32.399559+00:00,2026-10-09T09:23:54.687992+00:00,2026/282-09:13:32,2026/282-09:23:54,09:13:32,09:23:54,03:13:32,2026/282,10.4 min,18.1°,NE→S,NO,UHF+SBD,False,#ff5050,passes_manual.pkl,False
SPRITE,FAIRBANKS,UAF,UAF UHF,FAIRBANKS,2026-10-09T09:40:16.657353+00:00,2026-10-09T09:48:07.306333+00:00,2026/282-09:40:16,2026/282-09:48:07,09:40:16,09:48:07,03:40:16,2026/282,7.8 min,6.1°,SW→NW,NO,UHF,False,#2fd23b,passes_manual.pkl,False
COSMO,FAIRBANKS,UAF,UAF DELETED,FAIRBANKS,2026-10-09T10:28:25.836119+00:00,2026-10-09T10:34:28.128175+00:00,2026/282-10:28:25,2026/282-10:34:28,10:28:25,10:34:28,04:28:25,2026/282,6.0 min,3.2°,NE→E,YES,DELETED,True,#777777,passes_manual.pkl,False
COSMO,BOULDER,LASP,LASP UHF,BOULDER,2026-10-09T10:32:28.078188+00:00,2026-10-09T10:43:42.108082+00:00,2026/282-10:32:28,2026/282-10:43:42,10:32:28,10:43:42,04:32:28,2026/282,11.2 min,38.1°,N→SW,YES,UHF,False,#b88df7,passes_manual.pkl,False
AEPEX,FAIRBANKS,UAF,UAF DELETED,FAIRBANKS,2026-10-09T10:42:44.759005+00:00,2026-10-09T10:49:48.574263+00:00,2026/282-10:42:44,2026/282-10:49:48,10:42:44,10:49:48,04:42:44,2026/282,7.1 min,4.7°,NE→E,YES,DELETED,True,#777777,passes_manual.pkl,False
AEPEX,BOULDER,LASP,LASP SBD,BOULDER,2026-10-09T10:47:08.612657+00:00,2026-10-09T10:57:58.047260+00:00,2026/282-10:47:08,2026/282-10:57:58,10:47:08,10:57:58,04:47:08,2026/282,10.8 min,26.4°,N→SW,YES,SBD,False,#ff5050,passes_manual.pkl,False
COSMO,FAIRBANKS,UAF,UAF DELETED,FAIRBANKS,2026-10-09T12:01:31.735599+00:00,2026-10-09T12:12:10.252366+00:00,2026/282-12:01:31,2026/282-12:12:10,12:01:31,12:12:10,06:01:31,2026/282,10.6 min,19.9°,N→SE,YES,DELETED,True,#777777,passes_manual.pkl,False
COSMO,BOULDER,LASP,LASP DELETED,BOULDER,2026-10-09T12:09:26.292857+00:00,2026-10-09T12:12:18.287521+00:00,2026/282-12:09:26,2026/282-12:12:18,12:09:26,12:12:18,06:09:26,2026/282,2.9 min,0.7°,NW→W,NO,DELETED,True,#777777,passes_manual.pkl,False
AEPEX,FAIRBANKS,UAF,UAF UHF,FAIRBANKS,2026-10-09T12:16:02.358749+00:00,2026-10-09T12:26:57.199337+00:00,2026/282-12:16:02,2026/282-12:26:57,12:16:02,12:26:57,06:16:02,2026/282,10.9 min,24.1°,N→S,YES,UHF,False,#ff5050,passes_manual.pkl,False
CANVAS,BOULDER,LASP,LASP UHF,BOULDER,2026-10-09T12:39:27.064015+00:00,2026-10-09T12:47:53.608837+00:00,2026/282-12:39:27,2026/282-12:47:53,12:39:27,12:47:53,06:39:27,2026/282,8.4 min,8.2°,S→NE,YES,UHF,False,#00d7ff,passes_manual.pkl,False
COSMO,FAIRBANKS,UAF,UAF UHF,FAIRBANKS,2026-10-09T13:35:25.249815+00:00,2026-10-09T13:47:03.009707+00:00,2026/282-13:35:25,2026/282-13:47:03,13:35:25,13:47:03,07:35:25,2026/282,11.6 min,87.8°,N→S,YES,UHF,False,#b88df7,passes_manual.pkl,False
AEPEX,FAIRBANKS,UAF,UAF DELETED,FAIRBANKS,2026-10-09T13:49:56.127898+00:00,2026-10-09T14:01:30.403971+00:00,2026/282-13:49:56,2026/282-14:01:30,13:49:56,14:01:30,07:49:56,2026/282,11.6 min,71.0°,N→SW,YES,DELETED,True,#777777,passes_manual.pkl,False
CANVAS,BOULDER,LASP,LASP UHF+SBD,BOULDER,2026-10-09T14:14:44.922818+00:00,2026-10-09T14:26:17.075334+00:00,2026/282-14:14:44,2026/282-14:26:17,14:14:44,14:26:17,08:14:44,2026/282,11.5 min,77.5°,SW→NE,YES,UHF+SBD,False,#00d7ff,passes_manual.pkl,False
COSMO,FAIRBANKS,UAF,UAF UHF,FAIRBANKS,2026-10-09T15:09:24.651834+00:00,2026-10-09T15:20:03.672234+00:00,2026/282-15:09:24,2026/282-15:20:03,15:09:24,15:20:03,09:09:24,2026/282,10.7 min,22.6°,N→SW,YES,UHF,False,#b88df7,passes_manual.pkl,False
AEPEX,FAIRBANKS,UAF,UAF DELETED,FAIRBANKS,2026-10-09T15:23:53.064244+00:00,2026-10-09T15:34:16.426106+00:00,2026/282-15:23:53,2026/282-15:34:16,15:23:53,15:34:16,09:23:53,2026/282,10.4 min,19.5°,N→W,YES,DELETED,True,#777777,passes_manual.pkl,False
CANVAS,BOULDER,LASP,LASP UHF,BOULDER,2026-10-09T15:53:52.883181+00:00,2026-10-09T16:03:11.702149+00:00,2026/282-15:53:52,2026/282-16:03:11,15:53:52,16:03:11,09:53:52,2026/282,9.3 min,10.8°,W→NE,YES,UHF,False,#00d7ff,passes_manual.pkl,False
SPRITE,BOULDER,LASP,LASP UHF,BOULDER,2026-10-09T16:19:14.624050+00:00,2026-10-09T16:28:03.447940+00:00,2026/282-16:19:14,2026/282-16:28:03,16:19:14,16:28:03,10:19:14,2026/282,8.8 min,9.1°,NE→SE,YES,UHF,False,#2fd23b,passes_manual.pkl,False
COSMO,FAIRBANKS,UAF,UAF UHF,FAIRBANKS,2026-10-09T16:43:10.461491+00:00,2026-10-09T16:51:49.628214+00:00,2026/282-16:43:10,2026/282-16:51:49,16:43:10,16:51:49,10:43:10,2026/282,8.7 min,9.2°,N→W,YES,UHF,False,#b88df7,passes_manual.pkl,False
AEPEX,FAIRBANKS,UAF,UAF UHF,FAIRBANKS,2026-10-09T16:57:33.104357+00:00,2026-10-09T17:05:54.499147+00:00,2026/282-16:57:33,2026/282-17:05:54,16:57:33,17:05:54,10:57:33,2026/282,8.4 min,8.3°,NE→W,YES,UHF,False,#ff5050,passes_manual.pkl,False
CANVAS,FAIRBANKS,UAF,UAF DELETED,FAIRBANKS,2026-10-09T17:30:11.491550+00:00,2026-10-09T17:39:09.219514+00:00,2026/282-17:30:11,2026/282-17:39:09,17:30:11,17:39:09,11:30:11,2026/282,9.0 min,10.3°,S→E,YES,DELETED,True,#777777,passes_manual.pkl,False
CANVAS,BOULDER,LASP,LASP DELETED,BOULDER,2026-10-09T17:35:23.314972+00:00,2026-10-09T17:40:06.902402+00:00,2026/282-17:35:23,2026/282-17:40:06,17:35:23,17:40:06,11:35:23,2026/282,4.7 min,1.8°,NW→N,YES,DELETED,True,#777777,passes_manual.pkl,False
SPRITE,FAIRBANKS,UAF,UAF DELETED,FAIRBANKS,2026-10-09T17:48:28.140074+00:00,2026-10-09T17:53:31.505998+00:00,2026/282-17:48:28,2026/282-17:53:31,17:48:28,17:53:31,11:48:28,2026/282,5.1 min,2.1°,NE→E,YES,DELETED,True,#777777,passes_manual.pkl,False
SPRITE,BOULDER,LASP,LASP UHF,BOULDER,2026-10-09T17:52:12.105746+00:00,2026-10-09T18:03:38.744273+00:00,2026/282-17:52:12,2026/282-18:03:38,17:52:12,18:03:38,11:52:12,2026/282,11.4 min,52.9°,N→SW,YES,UHF,False,#2fd23b,passes_manual.pkl,False
COSMO,FAIRBANKS,UAF,UAF UHF,FAIRBANKS,2026-10-09T18:16:10.742176+00:00,2026-10-09T18:23:24.416647+00:00,2026/282-18:16:10,2026/282-18:23:24,18:16:10,18:23:24,12:16:10,2026/282,7.2 min,5.5°,NE→NW,YES,UHF,False,#b88df7,passes_manual.pkl,False
AEPEX,FAIRBANKS,UAF,UAF UHF,FAIRBANKS,2026-10-09T18:30:21.952508+00:00,2026-10-09T18:37:32.954118+00:00,2026/282-18:30:21,2026/282-18:37:32,18:30:21,18:37:32,12:30:21,2026/282,7.2 min,5.4°,NE→NW,YES,UHF,False,#ff5050,passes_manual.pkl,False
CANVAS,FAIRBANKS,UAF,UAF DELETED,FAIRBANKS,2026-10-09T19:05:45.298619+00:00,2026-10-09T19:16:28.326720+00:00,2026/282-19:05:45,2026/282-19:16:28,19:05:45,19:16:28,13:05:45,2026/282,10.7 min,24.8°,SW→E,YES,DELETED,True,#777777,passes_manual.pkl,False
COSMO,CL01-04,CL01-04,CL01-04 SBD,LEAF SPACE,2026-10-09T19:12:24.390000+00:00,2026-10-09T19:21:02.866000+00:00,2026/282-19:12:24,2026/282-19:21:02,19:12:24,19:21:02,13:12:24,2026/282,8.6 min,26.9°,--→--,YES,SBD,False,#b88df7,passes_leafspace.pkl,True
CANVAS,BOULDER,LASP,LASP UHF,BOULDER,2026-10-09T19:14:35.876961+00:00,2026-10-09T19:20:16.541965+00:00,2026/282-19:14:35,2026/282-19:20:16,19:14:35,19:20:16,13:14:35,2026/282,5.7 min,2.8°,N→NE,YES,UHF,False,#00d7ff,passes_manual.pkl,False
SPRITE,FAIRBANKS,UAF,UAF DELETED,FAIRBANKS,2026-10-09T19:21:25.997825+00:00,2026-10-09T19:31:50.016289+00:00,2026/282-19:21:25,2026/282-19:31:50,19:21:25,19:31:50,13:21:25,2026/282,10.4 min,17.1°,N→SE,YES,DELETED,True,#777777,passes_manual.pkl,False
SPRITE,BOULDER,LASP,LASP UHF,BOULDER,2026-10-09T19:28:20.037479+00:00,2026-10-09T19:33:36.313839+00:00,2026/282-19:28:20,2026/282-19:33:36,19:28:20,19:33:36,13:28:20,2026/282,5.3 min,2.5°,NW→W,YES,UHF,False,#2fd23b,passes_manual.pkl,False
COSMO,BOULDER,LASP,LASP UHF,BOULDER,2026-10-09T19:39:27.130680+00:00,2026-10-09T19:46:18.675181+00:00,2026/282-19:39:27,2026/282-19:46:18,19:39:27,19:46:18,13:39:27,2026/282,6.9 min,4.8°,E→NE,YES,UHF,False,#b88df7,passes_manual.pkl,False
COSMO,FAIRBANKS,UAF,UAF DELETED,FAIRBANKS,2026-10-09T19:48:00.292010+00:00,2026-10-09T19:56:01.525447+00:00,2026/282-19:48:00,2026/282-19:56:01,19:48:00,19:56:01,13:48:00,2026/282,8.0 min,7.3°,NE→NW,YES,DELETED,True,#777777,passes_manual.pkl,False
AEPEX,BOULDER,LASP,LASP UHF,BOULDER,2026-10-09T19:52:58.462057+00:00,2026-10-09T20:01:09.824771+00:00,2026/282-19:52:58,2026/282-20:01:09,19:52:58,20:01:09,13:52:58,2026/282,8.2 min,7.8°,E→N,YES,UHF,False,#ff5050,passes_manual.pkl,False
AEPEX,FAIRBANKS,UAF,UAF DELETED,FAIRBANKS,2026-10-09T20:02:02.419456+00:00,2026-10-09T20:10:18.772196+00:00,2026/282-20:02:02,2026/282-20:10:18,20:02:02,20:10:18,14:02:02,2026/282,8.3 min,8.0°,E→NW,YES,DELETED,True,#777777,passes_manual.pkl,False
CANVAS,FAIRBANKS,UAF,UAF DELETED,FAIRBANKS,2026-10-09T20:42:24.722963+00:00,2026-10-09T20:53:31.648951+00:00,2026/282-20:42:24,2026/282-20:53:31,20:42:24,20:53:31,14:42:24,2026/282,11.1 min,36.5°,W→E,YES,DELETED,True,#777777,passes_manual.pkl,False
COSMO,CL01-01,CL01-01,CL01-01 SBD,LEAF SPACE,2026-10-09T20:46:12.747000+00:00,2026-10-09T20:55:04.229000+00:00,2026/282-20:46:12,2026/282-20:55:04,20:46:12,20:55:04,14:46:12,2026/282,8.9 min,33.3°,--→--,YES,SBD,False,#b88df7,passes_leafspace.pkl,True
CANVAS,BOULDER,LASP,LASP UHF,BOULDER,2026-10-09T20:51:22.756242+00:00,2026-10-09T21:01:25.461114+00:00,2026/282-20:51:22,2026/282-21:01:25,20:51:22,21:01:25,14:51:22,2026/282,10.0 min,15.4°,NW→E,YES,UHF,False,#00d7ff,passes_manual.pkl,False
SPRITE,FAIRBANKS,UAF,UAF UHF,FAIRBANKS,2026-10-09T20:55:24.226780+00:00,2026-10-09T21:07:04.139190+00:00,2026/282-20:55:24,2026/282-21:07:04,20:55:24,21:07:04,14:55:24,2026/282,11.7 min,78.5°,N→S,YES,UHF,False,#2fd23b,passes_manual.pkl,False
COSMO,BOULDER,LASP,LASP UHF,BOULDER,2026-10-09T21:10:14.731728+00:00,2026-10-09T21:21:43.745322+00:00,2026/282-21:10:14,2026/282-21:21:43,21:10:14,21:21:43,15:10:14,2026/282,11.5 min,78.2°,S→N,YES,UHF,False,#b88df7,passes_manual.pkl,False
COSMO,FAIRBANKS,UAF,UAF DELETED,FAIRBANKS,2026-10-09T21:19:34.411143+00:00,2026-10-09T21:29:37.030867+00:00,2026/282-21:19:34,2026/282-21:29:37,21:19:34,21:29:37,15:19:34,2026/282,10.0 min,16.4°,E→N,YES,DELETED,True,#777777,passes_manual.pkl,False
AEPEX,BOULDER,LASP,LASP SBD,BOULDER,2026-10-09T21:24:34.468321+00:00,2026-10-09T21:36:03.901087+00:00,2026/282-21:24:34,2026/282-21:36:03,21:24:34,21:36:03,15:24:34,2026/282,11.5 min,69.3°,S→N,YES,SBD,False,#ff5050,passes_manual.pkl,False
AEPEX,FAIRBANKS,UAF,UAF DELETED,FAIRBANKS,2026-10-09T21:33:39.177151+00:00,2026-10-09T21:43:57.472673+00:00,2026/282-21:33:39,2026/282-21:43:57,21:33:39,21:43:57,15:33:39,2026/282,10.3 min,18.8°,E→N,YES,DELETED,True,#777777,passes_manual.pkl,False
CANVAS,FAIRBANKS,UAF,UAF DELETED,FAIRBANKS,2026-10-09T22:19:26.121144+00:00,2026-10-09T22:30:19.949992+00:00,2026/282-22:19:26,2026/282-22:30:19,22:19:26,22:30:19,16:19:26,2026/282,10.9 min,29.3°,W→SE,YES,DELETED,True,#777777,passes_manual.pkl,False
CANVAS,BOULDER,LASP,LASP UHF+SBD,BOULDER,2026-10-09T22:28:28.041278+00:00,2026-10-09T22:39:48.144052+00:00,2026/282-22:28:28,2026/282-22:39:48,22:28:28,22:39:48,16:28:28,2026/282,11.3 min,57.3°,NW→SE,YES,UHF+SBD,False,#00d7ff,passes_manual.pkl,False
SPRITE,FAIRBANKS,UAF,UAF UHF,FAIRBANKS,2026-10-09T22:29:30.396497+00:00,2026-10-09T22:40:22.134626+00:00,2026/282-22:29:30,2026/282-22:40:22,22:29:30,22:40:22,16:29:30,2026/282,10.9 min,25.5°,N→SW,YES,UHF,False,#2fd23b,passes_manual.pkl,False
COSMO,BOULDER,LASP,LASP UHF,BOULDER,2026-10-09T22:46:34.774377+00:00,2026-10-09T22:54:01.576251+00:00,2026/282-22:46:34,2026/282-22:54:01,22:46:34,22:54:01,16:46:34,2026/282,7.4 min,5.6°,SW→NW,YES,UHF,False,#b88df7,passes_manual.pkl,False
COSMO,FAIRBANKS,UAF,UAF DELETED,FAIRBANKS,2026-10-09T22:52:07.000214+00:00,2026-10-09T23:03:34.297989+00:00,2026/282-22:52:07,2026/282-23:03:34,22:52:07,23:03:34,16:52:07,2026/282,11.5 min,53.7°,SE→N,YES,DELETED,True,#777777,passes_manual.pkl,False
AEPEX,BOULDER,LASP,LASP UHF,BOULDER,2026-10-09T23:02:03.139184+00:00,2026-10-09T23:07:29.701315+00:00,2026/282-23:02:03,2026/282-23:07:29,23:02:03,23:07:29,17:02:03,2026/282,5.4 min,2.6°,SW→NW,YES,UHF,False,#ff5050,passes_manual.pkl,False
AEPEX,FAIRBANKS,UAF,UAF DELETED,FAIRBANKS,2026-10-09T23:06:21.870377+00:00,2026-10-09T23:17:54.102080+00:00,2026/282-23:06:21,2026/282-23:17:54,23:06:21,23:17:54,17:06:21,2026/282,11.5 min,66.7°,SE→N,YES,DELETED,True,#777777,passes_manual.pkl,False
CANVAS,FAIRBANKS,UAF,UAF DELETED,FAIRBANKS,2026-10-09T23:56:38.553556+00:00,2026-10-10T00:06:19.273440+00:00,2026/282-23:56:38,2026/283-00:06:19,23:56:38,00:06:19,17:56:38,2026/282,9.7 min,14.1°,W→S,YES,DELETED,True,#777777,passes_manual.pkl,False
SPRITE,FAIRBANKS,UAF,UAF UHF,FAIRBANKS,2026-10-10T00:03:25.057915+00:00,2026-10-10T00:12:20.591619+00:00,2026/283-00:03:25,2026/283-00:12:20,00:03:25,00:12:20,18:03:25,2026/283,8.9 min,10.1°,N→W,YES,UHF,False,#2fd23b,passes_manual.pkl,False
CANVAS,BOULDER,LASP,LASP UHF,BOULDER,2026-10-10T00:07:55.714351+00:00,2026-10-10T00:13:31.956918+00:00,2026/283-00:07:55,2026/283-00:13:31,00:07:55,00:13:31,18:07:55,2026/283,5.6 min,2.9°,W→SW,YES,UHF,False,#00d7ff,passes_manual.pkl,False
COSMO,FAIRBANKS,UAF,UAF UHF,FAIRBANKS,2026-10-10T00:26:20.705474+00:00,2026-10-10T00:37:31.713032+00:00,2026/283-00:26:20,2026/283-00:37:31,00:26:20,00:37:31,18:26:20,2026/283,11.2 min,31.0°,S→N,YES,UHF,False,#b88df7,passes_manual.pkl,False
AEPEX,FAIRBANKS,UAF,UAF DELETED,FAIRBANKS,2026-10-10T00:40:50.382049+00:00,2026-10-10T00:51:48.272136+00:00,2026/283-00:40:50,2026/283-00:51:48,00:40:50,00:51:48,18:40:50,2026/283,11.0 min,25.4°,S→N,YES,DELETED,True,#777777,passes_manual.pkl,False
CANVAS,FAIRBANKS,UAF,UAF DELETED,FAIRBANKS,2026-10-10T01:34:52.611975+00:00,2026-10-10T01:40:03.899156+00:00,2026/283-01:34:52,2026/283-01:40:03,01:34:52,01:40:03,19:34:52,2026/283,5.2 min,2.4°,W→SW,YES,DELETED,True,#777777,passes_manual.pkl,False
SPRITE,FAIRBANKS,UAF,UAF UHF,FAIRBANKS,2026-10-10T01:36:38.064242+00:00,2026-10-10T01:43:59.402008+00:00,2026/283-01:36:38,2026/283-01:43:59,01:36:38,01:43:59,19:36:38,2026/283,7.4 min,5.7°,NE→NW,YES,UHF,False,#2fd23b,passes_manual.pkl,False
COSMO,FAIRBANKS,UAF,UAF UHF,FAIRBANKS,2026-10-10T02:02:57.084766+00:00,2026-10-10T02:11:02.885739+00:00,2026/283-02:02:57,2026/283-02:11:02,02:02:57,02:11:02,20:02:57,2026/283,8.1 min,6.8°,SW→NW,YES,UHF,False,#b88df7,passes_manual.pkl,False
AEPEX,FAIRBANKS,UAF,UAF UHF,FAIRBANKS,2026-10-10T02:17:51.257052+00:00,2026-10-10T02:25:08.666038+00:00,2026/283-02:17:51,2026/283-02:25:08,02:17:51,02:25:08,20:17:51,2026/283,7.3 min,5.1°,W→NW,YES,UHF,False,#ff5050,passes_manual.pkl,False
SPRITE,BOULDER,LASP,LASP UHF,BOULDER,2026-10-10T03:00:37.933019+00:00,2026-10-10T03:06:18.898029+00:00,2026/283-03:00:37,2026/283-03:06:18,03:00:37,03:06:18,21:00:37,2026/283,5.7 min,3.0°,E→NE,NO,UHF,False,#2fd23b,passes_manual.pkl,False
SPRITE,FAIRBANKS,UAF,UAF DELETED,FAIRBANKS,2026-10-10T03:08:39.929856+00:00,2026-10-10T03:16:35.134782+00:00,2026/283-03:08:39,2026/283-03:16:35,03:08:39,03:16:35,21:08:39,2026/283,7.9 min,7.0°,NE→NW,NO,DELETED,True,#777777,passes_manual.pkl,False
COSMO,IS01-05,IS01-05,IS01-05 SBD,LEAF SPACE,2026-10-10T03:50:28.710000+00:00,2026-10-10T03:58:54.917000+00:00,2026/283-03:50:28,2026/283-03:58:54,03:50:28,03:58:54,21:50:28,2026/283,8.4 min,25.4°,--→--,YES,SBD,False,#b88df7,passes_leafspace.pkl,True
SPRITE,BOULDER,LASP,LASP UHF,BOULDER,2026-10-10T04:30:47.499147+00:00,2026-10-10T04:42:18.279468+00:00,2026/283-04:30:47,2026/283-04:42:18,04:30:47,04:42:18,22:30:47,2026/283,11.5 min,56.9°,S→N,NO,UHF,False,#2fd23b,passes_manual.pkl,False
SPRITE,FAIRBANKS,UAF,UAF DELETED,FAIRBANKS,2026-10-10T04:40:17.806789+00:00,2026-10-10T04:50:12.881346+00:00,2026/283-04:40:17,2026/283-04:50:12,04:40:17,04:50:12,22:40:17,2026/283,9.9 min,15.1°,E→N,NO,DELETED,True,#777777,passes_manual.pkl,False
SPRITE,BOULDER,LASP,LASP UHF,BOULDER,2026-10-10T06:06:30.829257+00:00,2026-10-10T06:15:10.967435+00:00,2026/283-06:06:30,2026/283-06:15:10,06:06:30,06:15:10,00:06:30,2026/283,8.7 min,8.5°,SW→NW,NO,UHF,False,#2fd23b,passes_manual.pkl,False
SPRITE,FAIRBANKS,UAF,UAF DELETED,FAIRBANKS,2026-10-10T06:12:48.112093+00:00,2026-10-10T06:24:15.663178+00:00,2026/283-06:12:48,2026/283-06:24:15,06:12:48,06:24:15,00:12:48,2026/283,11.5 min,46.1°,SE→N,NO,DELETED,True,#777777,passes_manual.pkl,False
SPRITE,FAIRBANKS,UAF,UAF UHF,FAIRBANKS,2026-10-10T07:46:56.055553+00:00,2026-10-10T07:58:20.747113+00:00,2026/283-07:46:56,2026/283-07:58:20,07:46:56,07:58:20,01:46:56,2026/283,11.4 min,36.7°,S→N,NO,UHF,False,#2fd23b,passes_manual.pkl,False
COSMO,BOULDER,LASP,LASP UHF,BOULDER,2026-10-10T08:41:59.321342+00:00,2026-10-10T08:50:06.124767+00:00,2026/283-08:41:59,2026/283-08:50:06,08:41:59,08:50:06,02:41:59,2026/283,8.1 min,7.0°,NE→SE,NO,UHF,False,#b88df7,passes_manual.pkl,False
AEPEX,BOULDER,LASP,LASP UHF,BOULDER,2026-10-10T08:55:40.936326+00:00,2026-10-10T09:04:54.794719+00:00,2026/283-08:55:40,2026/283-09:04:54,08:55:40,09:04:54,02:55:40,2026/283,9.2 min,10.8°,NE→SE,NO,UHF,False,#ff5050,passes_manual.pkl,False
SPRITE,FAIRBANKS,UAF,UAF UHF,FAIRBANKS,2026-10-10T09:23:20.476472+00:00,2026-10-10T09:32:04.665951+00:00,2026/283-09:23:20,2026/283-09:32:04,09:23:20,09:32:04,03:23:20,2026/283,8.7 min,8.5°,SW→NW,NO,UHF,False,#2fd23b,passes_manual.pkl,False
COSMO,FAIRBANKS,UAF,UAF DELETED,FAIRBANKS,2026-10-10T10:11:09.470093+00:00,2026-10-10T10:15:12.449085+00:00,2026/283-10:11:09,2026/283-10:15:12,10:11:09,10:15:12,04:11:09,2026/283,4.0 min,1.3°,NE→E,YES,DELETED,True,#777777,passes_manual.pkl,False
COSMO,BOULDER,LASP,LASP UHF,BOULDER,2026-10-10T10:14:32.109754+00:00,2026-10-10T10:26:03.598472+00:00,2026/283-10:14:32,2026/283-10:26:03,10:14:32,10:26:03,04:14:32,2026/283,11.5 min,67.0°,N→S,YES,UHF,False,#b88df7,passes_manual.pkl,False
AEPEX,FAIRBANKS,UAF,UAF DELETED,FAIRBANKS,2026-10-10T10:24:49.796256+00:00,2026-10-10T10:30:20.771567+00:00,2026/283-10:24:49,2026/283-10:30:20,10:24:49,10:30:20,04:24:49,2026/283,5.5 min,2.6°,NE→E,YES,DELETED,True,#777777,passes_manual.pkl,False
AEPEX,BOULDER,LASP,LASP SBD,BOULDER,2026-10-10T10:28:42.112861+00:00,2026-10-10T10:40:00.897385+00:00,2026/283-10:28:42,2026/283-10:40:00,10:28:42,10:40:00,04:28:42,2026/283,11.3 min,44.4°,N→SW,YES,SBD,False,#ff5050,passes_manual.pkl,False
COSMO,FAIRBANKS,UAF,UAF DELETED,FAIRBANKS,2026-10-10T11:43:43.147812+00:00,2026-10-10T11:53:51.828553+00:00,2026/283-11:43:43,2026/283-11:53:51,11:43:43,11:53:51,05:43:43,2026/283,10.1 min,15.2°,NE→SE,YES,DELETED,True,#777777,passes_manual.pkl,False
COSMO,BOULDER,LASP,LASP UHF,BOULDER,2026-10-10T11:50:09.315132+00:00,2026-10-10T11:56:30.732112+00:00,2026/283-11:50:09,2026/283-11:56:30,11:50:09,11:56:30,05:50:09,2026/283,6.4 min,4.0°,NW→W,NO,UHF,False,#b88df7,passes_manual.pkl,False
AEPEX,FAIRBANKS,UAF,UAF DELETED,FAIRBANKS,2026-10-10T11:57:46.346062+00:00,2026-10-10T12:08:15.676361+00:00,2026/283-11:57:46,2026/283-12:08:15,11:57:46,12:08:15,05:57:46,2026/283,10.5 min,18.3°,N→SE,YES,DELETED,True,#777777,passes_manual.pkl,False
AEPEX,BOULDER,LASP,LASP DELETED,BOULDER,2026-10-10T12:05:06.176444+00:00,2026-10-10T12:09:16.516543+00:00,2026/283-12:05:06,2026/283-12:09:16,12:05:06,12:09:16,06:05:06,2026/283,4.2 min,1.5°,NW→W,NO,DELETED,True,#777777,passes_manual.pkl,False
CANVAS,BOULDER,LASP,LASP UHF,BOULDER,2026-10-10T12:13:32.700861+00:00,2026-10-10T12:21:19.244302+00:00,2026/283-12:13:32,2026/283-12:21:19,12:13:32,12:21:19,06:13:32,2026/283,7.8 min,6.4°,SE→E,YES,UHF,False,#00d7ff,passes_manual.pkl,False
COSMO,FAIRBANKS,UAF,UAF DELETED,FAIRBANKS,2026-10-10T13:17:32.792417+00:00,2026-10-10T13:29:10.205183+00:00,2026/283-13:17:32,2026/283-13:29:10,13:17:32,13:29:10,07:17:32,2026/283,11.6 min,68.9°,N→S,YES,DELETED,True,#777777,passes_manual.pkl,False
AEPEX,FAIRBANKS,UAF,UAF UHF,FAIRBANKS,2026-10-10T13:31:36.976061+00:00,2026-10-10T13:43:13.937919+00:00,2026/283-13:31:36,2026/283-13:43:13,13:31:36,13:43:13,07:31:36,2026/283,11.6 min,85.2°,N→S,YES,UHF,False,#ff5050,passes_manual.pkl,False
CANVAS,BOULDER,LASP,LASP UHF+SBD,BOULDER,2026-10-10T13:48:25.505009+00:00,2026-10-10T13:59:58.007109+00:00,2026/283-13:48:25,2026/283-13:59:58,13:48:25,13:59:58,07:48:25,2026/283,11.5 min,87.3°,SW→NE,YES,UHF+SBD,False,#00d7ff,passes_manual.pkl,False
COSMO,FAIRBANKS,UAF,UAF UHF,FAIRBANKS,2026-10-10T14:51:32.449826+00:00,2026-10-10T15:02:29.528060+00:00,2026/283-14:51:32,2026/283-15:02:29,14:51:32,15:02:29,08:51:32,2026/283,11.0 min,27.8°,N→SW,YES,UHF,False,#b88df7,passes_manual.pkl,False
AEPEX,FAIRBANKS,UAF,UAF DELETED,FAIRBANKS,2026-10-10T15:05:34.666859+00:00,2026-10-10T15:16:18.202517+00:00,2026/283-15:05:34,2026/283-15:16:18,15:05:34,15:16:18,09:05:34,2026/283,10.7 min,23.9°,N→SW,YES,DELETED,True,#777777,passes_manual.pkl,False
CANVAS,BOULDER,LASP,LASP UHF,BOULDER,2026-10-10T15:27:19.397012+00:00,2026-10-10T15:36:55.477994+00:00,2026/283-15:27:19,2026/283-15:36:55,15:27:19,15:36:55,09:27:19,2026/283,9.6 min,12.2°,W→NE,YES,UHF,False,#00d7ff,passes_manual.pkl,False
SPRITE,BOULDER,LASP,LASP UHF,BOULDER,2026-10-10T16:03:46.081842+00:00,2026-10-10T16:10:47.449330+00:00,2026/283-16:03:46,2026/283-16:10:47,16:03:46,16:10:47,10:03:46,2026/283,7.0 min,4.7°,NE→SE,YES,UHF,False,#2fd23b,passes_manual.pkl,False
COSMO,FAIRBANKS,UAF,UAF UHF,FAIRBANKS,2026-10-10T16:25:22.617076+00:00,2026-10-10T16:34:25.905937+00:00,2026/283-16:25:22,2026/283-16:34:25,16:25:22,16:34:25,10:25:22,2026/283,9.1 min,10.7°,N→W,YES,UHF,False,#b88df7,passes_manual.pkl,False
AEPEX,FAIRBANKS,UAF,UAF UHF,FAIRBANKS,2026-10-10T16:39:20.050167+00:00,2026-10-10T16:48:05.328505+00:00,2026/283-16:39:20,2026/283-16:48:05,16:39:20,16:48:05,10:39:20,2026/283,8.8 min,9.6°,N→W,YES,UHF,False,#ff5050,passes_manual.pkl,False
CANVAS,FAIRBANKS,UAF,UAF DELETED,FAIRBANKS,2026-10-10T17:04:04.761357+00:00,2026-10-10T17:12:48.368839+00:00,2026/283-17:04:04,2026/283-17:12:48,17:04:04,17:12:48,11:04:04,2026/283,8.7 min,9.4°,S→E,YES,DELETED,True,#777777,passes_manual.pkl,False
CANVAS,BOULDER,LASP,LASP UHF,BOULDER,2026-10-10T17:08:44.572161+00:00,2026-10-10T17:13:46.781381+00:00,2026/283-17:08:44,2026/283-17:13:46,17:08:44,17:13:46,11:08:44,2026/283,5.0 min,2.1°,NW→N,YES,UHF,False,#00d7ff,passes_manual.pkl,False
SPRITE,FAIRBANKS,UAF,UAF DELETED,FAIRBANKS,2026-10-10T17:33:06.412122+00:00,2026-10-10T17:35:41.463186+00:00,2026/283-17:33:06,2026/283-17:35:41,17:33:06,17:35:41,11:33:06,2026/283,2.6 min,0.5°,NE→E,YES,DELETED,True,#777777,passes_manual.pkl,False
SPRITE,BOULDER,LASP,LASP UHF,BOULDER,2026-10-10T17:35:58.191999+00:00,2026-10-10T17:47:33.024720+00:00,2026/283-17:35:58,2026/283-17:47:33,17:35:58,17:47:33,11:35:58,2026/283,11.6 min,88.5°,N→S,YES,UHF,False,#2fd23b,passes_manual.pkl,False
COSMO,FAIRBANKS,UAF,UAF UHF,FAIRBANKS,2026-10-10T17:58:34.739052+00:00,2026-10-10T18:05:56.193660+00:00,2026/283-17:58:34,2026/283-18:05:56,17:58:34,18:05:56,11:58:34,2026/283,7.4 min,5.8°,NE→NW,YES,UHF,False,#b88df7,passes_manual.pkl,False
AEPEX,FAIRBANKS,UAF,UAF UHF,FAIRBANKS,2026-10-10T18:12:22.112942+00:00,2026-10-10T18:19:36.851942+00:00,2026/283-18:12:22,2026/283-18:19:36,18:12:22,18:19:36,12:12:22,2026/283,7.2 min,5.5°,NE→NW,YES,UHF,False,#ff5050,passes_manual.pkl,False
CANVAS,FAIRBANKS,UAF,UAF DELETED,FAIRBANKS,2026-10-10T18:39:30.841847+00:00,2026-10-10T18:50:10.015060+00:00,2026/283-18:39:30,2026/283-18:50:10,18:39:30,18:50:10,12:39:30,2026/283,10.7 min,23.6°,SW→E,YES,DELETED,True,#777777,passes_manual.pkl,False
CANVAS,BOULDER,LASP,LASP UHF,BOULDER,2026-10-10T18:48:17.208325+00:00,2026-10-10T18:53:37.192459+00:00,2026/283-18:48:17,2026/283-18:53:37,18:48:17,18:53:37,12:48:17,2026/283,5.3 min,2.4°,N→NE,YES,UHF,False,#00d7ff,passes_manual.pkl,False
SPRITE,FAIRBANKS,UAF,UAF DELETED,FAIRBANKS,2026-10-10T19:05:17.104303+00:00,2026-10-10T19:15:10.260303+00:00,2026/283-19:05:17,2026/283-19:15:10,19:05:17,19:15:10,13:05:17,2026/283,9.9 min,13.4°,NE→SE,YES,DELETED,True,#777777,passes_manual.pkl,False
SPRITE,BOULDER,LASP,LASP UHF,BOULDER,2026-10-10T19:11:19.341678+00:00,2026-10-10T19:18:44.073805+00:00,2026/283-19:11:19,2026/283-19:18:44,19:11:19,19:18:44,13:11:19,2026/283,7.4 min,5.8°,N→W,YES,UHF,False,#2fd23b,passes_manual.pkl,False
COSMO,BOULDER,LASP,LASP DELETED,BOULDER,2026-10-10T19:23:19.041360+00:00,2026-10-10T19:27:19.713298+00:00,2026/283-19:23:19,2026/283-19:27:19,19:23:19,19:27:19,13:23:19,2026/283,4.0 min,1.4°,E→NE,YES,DELETED,True,#777777,passes_manual.pkl,False
COSMO,FAIRBANKS,UAF,UAF DELETED,FAIRBANKS,2026-10-10T19:30:36.104548+00:00,2026-10-10T19:38:18.792121+00:00,2026/283-19:30:36,2026/283-19:38:18,19:30:36,19:38:18,13:30:36,2026/283,7.7 min,6.5°,NE→NW,YES,DELETED,True,#777777,passes_manual.pkl,False
AEPEX,BOULDER,LASP,LASP UHF,BOULDER,2026-10-10T19:35:56.440708+00:00,2026-10-10T19:42:08.281110+00:00,2026/283-19:35:56,2026/283-19:42:08,19:35:56,19:42:08,13:35:56,2026/283,6.2 min,3.8°,E→NE,YES,UHF,False,#ff5050,passes_manual.pkl,False
AEPEX,FAIRBANKS,UAF,UAF DELETED,FAIRBANKS,2026-10-10T19:44:13.034824+00:00,2026-10-10T19:52:08.112113+00:00,2026/283-19:44:13,2026/283-19:52:08,19:44:13,19:52:08,13:44:13,2026/283,7.9 min,7.1°,NE→NW,YES,DELETED,True,#777777,passes_manual.pkl,False
CANVAS,FAIRBANKS,UAF,UAF DELETED,FAIRBANKS,2026-10-10T20:16:07.259481+00:00,2026-10-10T20:27:13.888172+00:00,2026/283-20:16:07,2026/283-20:27:13,20:16:07,20:27:13,14:16:07,2026/283,11.1 min,36.1°,W→E,YES,DELETED,True,#777777,passes_manual.pkl,False
CANVAS,BOULDER,LASP,LASP UHF,BOULDER,2026-10-10T20:25:06.148236+00:00,2026-10-10T20:34:53.848207+00:00,2026/283-20:25:06,2026/283-20:34:53,20:25:06,20:34:53,14:25:06,2026/283,9.8 min,13.6°,NW→E,YES,UHF,False,#00d7ff,passes_manual.pkl,False
COSMO,CL01-02,CL01-02,CL01-02 SBD,LEAF SPACE,2026-10-10T20:28:15.150000+00:00,2026-10-10T20:37:29.006000+00:00,2026/283-20:28:15,2026/283-20:37:29,20:28:15,20:37:29,14:28:15,2026/283,9.2 min,49.5°,--→--,YES,SBD,False,#b88df7,passes_leafspace.pkl,True
SPRITE,FAIRBANKS,UAF,UAF UHF,FAIRBANKS,2026-10-10T20:39:11.276927+00:00,2026-10-10T20:50:48.530468+00:00,2026/283-20:39:11,2026/283-20:50:48,20:39:11,20:50:48,14:39:11,2026/283,11.6 min,59.2°,N→S,YES,UHF,False,#2fd23b,passes_manual.pkl,False
COSMO,BOULDER,LASP,LASP DELETED,BOULDER,2026-10-10T20:52:32.853946+00:00,2026-10-10T21:03:48.698889+00:00,2026/283-20:52:32,2026/283-21:03:48,20:52:32,21:03:48,14:52:32,2026/283,11.3 min,43.8°,SE→N,YES,DELETED,True,#777777,passes_manual.pkl,False
COSMO,FAIRBANKS,UAF,UAF DELETED,FAIRBANKS,2026-10-10T21:02:06.480990+00:00,2026-10-10T21:11:46.277492+00:00,2026/283-21:02:06,2026/283-21:11:46,21:02:06,21:11:46,15:02:06,2026/283,9.7 min,13.8°,E→N,YES,DELETED,True,#777777,passes_manual.pkl,False
AEPEX,BOULDER,LASP,LASP UHF+SBD,BOULDER,2026-10-10T21:06:18.987473+00:00,2026-10-10T21:17:46.047733+00:00,2026/283-21:06:18,2026/283-21:17:46,21:06:18,21:17:46,15:06:18,2026/283,11.5 min,65.8°,S→N,YES,UHF+SBD,False,#ff5050,passes_manual.pkl,False
AEPEX,FAIRBANKS,UAF,UAF DELETED,FAIRBANKS,2026-10-10T21:15:43.885730+00:00,2026-10-10T21:25:39.733669+00:00,2026/283-21:15:43,2026/283-21:25:39,21:15:43,21:25:39,15:15:43,2026/283,9.9 min,15.6°,E→N,YES,DELETED,True,#777777,passes_manual.pkl,False
CANVAS,FAIRBANKS,UAF,UAF DELETED,FAIRBANKS,2026-10-10T21:53:07.822224+00:00,2026-10-10T22:04:04.013792+00:00,2026/283-21:53:07,2026/283-22:04:04,21:53:07,22:04:04,15:53:07,2026/283,10.9 min,30.4°,W→SE,YES,DELETED,True,#777777,passes_manual.pkl,False
CANVAS,BOULDER,LASP,LASP UHF+SBD,BOULDER,2026-10-10T22:02:07.654849+00:00,2026-10-10T22:13:31.137615+00:00,2026/283-22:02:07,2026/283-22:13:31,22:02:07,22:13:31,16:02:07,2026/283,11.4 min,70.5°,NW→SE,YES,UHF+SBD,False,#00d7ff,passes_manual.pkl,False
SPRITE,FAIRBANKS,UAF,UAF UHF,FAIRBANKS,2026-10-10T22:13:17.465312+00:00,2026-10-10T22:24:24.037855+00:00,2026/283-22:13:17,2026/283-22:24:24,22:13:17,22:24:24,16:13:17,2026/283,11.1 min,31.1°,N→SW,YES,UHF,False,#2fd23b,passes_manual.pkl,False
COSMO,BOULDER,LASP,LASP UHF,BOULDER,2026-10-10T22:27:40.084592+00:00,2026-10-10T22:36:51.880693+00:00,2026/283-22:27:40,2026/283-22:36:51,22:27:40,22:36:51,16:27:40,2026/283,9.2 min,10.7°,SW→NW,YES,UHF,False,#b88df7,passes_manual.pkl,False
COSMO,FAIRBANKS,UAF,UAF DELETED,FAIRBANKS,2026-10-10T22:34:23.865756+00:00,2026-10-10T22:45:41.327409+00:00,2026/283-22:34:23,2026/283-22:45:41,22:34:23,22:45:41,16:34:23,2026/283,11.3 min,40.6°,SE→N,YES,DELETED,True,#777777,passes_manual.pkl,False
AEPEX,BOULDER,LASP,LASP UHF,BOULDER,2026-10-10T22:42:13.395445+00:00,2026-10-10T22:50:17.618089+00:00,2026/283-22:42:13,2026/283-22:50:17,22:42:13,22:50:17,16:42:13,2026/283,8.1 min,7.0°,SW→NW,YES,UHF,False,#ff5050,passes_manual.pkl,False
AEPEX,FAIRBANKS,UAF,UAF DELETED,FAIRBANKS,2026-10-10T22:48:09.948028+00:00,2026-10-10T22:59:34.672038+00:00,2026/283-22:48:09,2026/283-22:59:34,22:48:09,22:59:34,16:48:09,2026/283,11.4 min,49.2°,SE→N,YES,DELETED,True,#777777,passes_manual.pkl,False
CANVAS,FAIRBANKS,UAF,UAF DELETED,FAIRBANKS,2026-10-10T23:30:18.915859+00:00,2026-10-10T23:40:08.750023+00:00,2026/283-23:30:18,2026/283-23:40:08,23:30:18,23:40:08,17:30:18,2026/283,9.8 min,15.1°,W→S,YES,DELETED,True,#777777,passes_manual.pkl,False
CANVAS,BOULDER,LASP,LASP UHF,BOULDER,2026-10-10T23:41:09.823904+00:00,2026-10-10T23:47:49.828659+00:00,2026/283-23:41:09,2026/283-23:47:49,23:41:09,23:47:49,17:41:09,2026/283,6.7 min,4.4°,W→SW,YES,UHF,False,#00d7ff,passes_manual.pkl,False
SPRITE,FAIRBANKS,UAF,UAF UHF,FAIRBANKS,2026-10-10T23:47:15.718090+00:00,2026-10-10T23:56:32.918483+00:00,2026/283-23:47:15,2026/283-23:56:32,23:47:15,23:56:32,17:47:15,2026/283,9.3 min,11.6°,N→W,YES,UHF,False,#2fd23b,passes_manual.pkl,False
COSMO,FAIRBANKS,UAF,UAF UHF,FAIRBANKS,2026-10-11T00:08:15.665841+00:00,2026-10-11T00:19:40.042104+00:00,2026/284-00:08:15,2026/284-00:19:40,00:08:15,00:19:40,18:08:15,2026/284,11.4 min,41.5°,S→N,YES,UHF,False,#b88df7,passes_manual.pkl,False
AEPEX,FAIRBANKS,UAF,UAF DELETED,FAIRBANKS,2026-10-11T00:22:15.112087+00:00,2026-10-11T00:33:30.773302+00:00,2026/284-00:22:15,2026/284-00:33:30,00:22:15,00:33:30,18:22:15,2026/284,11.3 min,33.8°,S→N,YES,DELETED,True,#777777,passes_manual.pkl,False
CANVAS,FAIRBANKS,UAF,UAF UHF,FAIRBANKS,2026-10-11T01:08:21.795259+00:00,2026-10-11T01:14:10.822091+00:00,2026/284-01:08:21,2026/284-01:14:10,01:08:21,01:14:10,19:08:21,2026/284,5.8 min,3.2°,W→SW,YES,UHF,False,#00d7ff,passes_manual.pkl,False
SPRITE,FAIRBANKS,UAF,UAF UHF,FAIRBANKS,2026-10-11T01:20:38.867292+00:00,2026-10-11T01:28:09.163304+00:00,2026/284-01:20:38,2026/284-01:28:09,01:20:38,01:28:09,19:20:38,2026/284,7.5 min,6.0°,NE→NW,YES,UHF,False,#2fd23b,passes_manual.pkl,False
COSMO,FAIRBANKS,UAF,UAF UHF,FAIRBANKS,2026-10-11T01:44:19.558112+00:00,2026-10-11T01:53:20.147331+00:00,2026/284-01:44:19,2026/284-01:53:20,01:44:19,01:53:20,19:44:19,2026/284,9.0 min,9.6°,SW→NW,YES,UHF,False,#b88df7,passes_manual.pkl,False
AEPEX,FAIRBANKS,UAF,UAF UHF,FAIRBANKS,2026-10-11T01:58:39.428851+00:00,2026-10-11T02:07:03.183355+00:00,2026/284-01:58:39,2026/284-02:07:03,01:58:39,02:07:03,19:58:39,2026/284,8.4 min,7.6°,SW→NW,YES,UHF,False,#ff5050,passes_manual.pkl,False
SPRITE,BOULDER,LASP,LASP DELETED,BOULDER,2026-10-11T02:46:49.782994+00:00,2026-10-11T02:48:18.485732+00:00,2026/284-02:46:49,2026/284-02:48:18,02:46:49,02:48:18,20:46:49,2026/284,1.5 min,0.2°,NE→NE,NO,DELETED,True,#777777,passes_manual.pkl,False
SPRITE,FAIRBANKS,UAF,UAF UHF,FAIRBANKS,2026-10-11T02:52:52.277605+00:00,2026-10-11T03:00:31.912569+00:00,2026/284-02:52:52,2026/284-03:00:31,02:52:52,03:00:31,20:52:52,2026/284,7.7 min,6.4°,NE→NW,NO,UHF,False,#2fd23b,passes_manual.pkl,False
COSMO,IS01-05,IS01-05,IS01-05 SBD,LEAF SPACE,2026-10-11T03:32:42.565000+00:00,2026-10-11T03:40:37.012000+00:00,2026/284-03:32:42,2026/284-03:40:37,03:32:42,03:40:37,21:32:42,2026/284,7.9 min,19.6°,--→--,YES,SBD,False,#b88df7,passes_leafspace.pkl,True
SPRITE,BOULDER,LASP,LASP UHF,BOULDER,2026-10-11T04:14:48.969267+00:00,2026-10-11T04:26:00.605514+00:00,2026/284-04:14:48,2026/284-04:26:00,04:14:48,04:26:00,22:14:48,2026/284,11.2 min,34.7°,SE→N,NO,UHF,False,#2fd23b,passes_manual.pkl,False
SPRITE,FAIRBANKS,UAF,UAF DELETED,FAIRBANKS,2026-10-11T04:24:28.141745+00:00,2026-10-11T04:34:01.758042+00:00,2026/284-04:24:28,2026/284-04:34:01,04:24:28,04:34:01,22:24:28,2026/284,9.6 min,12.9°,E→N,NO,DELETED,True,#777777,passes_manual.pkl,False
SPRITE,BOULDER,LASP,LASP UHF,BOULDER,2026-10-11T05:49:33.241467+00:00,2026-10-11T05:59:27.604229+00:00,2026/284-05:49:33,2026/284-05:59:27,05:49:33,05:59:27,23:49:33,2026/284,9.9 min,14.0°,SW→NW,NO,UHF,False,#2fd23b,passes_manual.pkl,False
SPRITE,FAIRBANKS,UAF,UAF DELETED,FAIRBANKS,2026-10-11T05:56:45.405971+00:00,2026-10-11T06:08:02.193270+00:00,2026/284-05:56:45,2026/284-06:08:02,05:56:45,06:08:02,23:56:45,2026/284,11.3 min,36.4°,SE→N,NO,DELETED,True,#777777,passes_manual.pkl,False
SPRITE,FAIRBANKS,UAF,UAF UHF,FAIRBANKS,2026-10-11T07:30:34.109081+00:00,2026-10-11T07:42:08.138795+00:00,2026/284-07:30:34,2026/284-07:42:08,07:30:34,07:42:08,01:30:34,2026/284,11.6 min,48.2°,S→N,NO,UHF,False,#2fd23b,passes_manual.pkl,False
COSMO,BOULDER,LASP,LASP UHF,BOULDER,2026-10-11T08:25:10.934905+00:00,2026-10-11T08:30:45.149590+00:00,2026/284-08:25:10,2026/284-08:30:45,08:25:10,08:30:45,02:25:10,2026/284,5.6 min,2.7°,NE→SE,NO,UHF,False,#b88df7,passes_manual.pkl,False
AEPEX,BOULDER,LASP,LASP UHF,BOULDER,2026-10-11T08:38:05.959814+00:00,2026-10-11T08:45:31.525052+00:00,2026/284-08:38:05,2026/284-08:45:31,08:38:05,08:45:31,02:38:05,2026/284,7.4 min,5.5°,NE→SE,NO,UHF,False,#ff5050,passes_manual.pkl,False
SPRITE,FAIRBANKS,UAF,UAF UHF,FAIRBANKS,2026-10-11T09:06:30.866191+00:00,2026-10-11T09:15:58.657961+00:00,2026/284-09:06:30,2026/284-09:15:58,09:06:30,09:15:58,03:06:30,2026/284,9.5 min,11.2°,SW→NW,NO,UHF,False,#2fd23b,passes_manual.pkl,False
COSMO,BOULDER,LASP,LASP DELETED,BOULDER,2026-10-11T09:56:40.120662+00:00,2026-10-11T10:08:13.900411+00:00,2026/284-09:56:40,2026/284-10:08:13,09:56:40,10:08:13,03:56:40,2026/284,11.6 min,69.4°,N→S,YES,DELETED,True,#777777,passes_manual.pkl,False
AEPEX,FAIRBANKS,UAF,UAF DELETED,FAIRBANKS,2026-10-11T10:07:18.573301+00:00,2026-10-11T10:10:22.724793+00:00,2026/284-10:07:18,2026/284-10:10:22,10:07:18,10:10:22,04:07:18,2026/284,3.1 min,0.7°,NE→E,YES,DELETED,True,#777777,passes_manual.pkl,False
AEPEX,BOULDER,LASP,LASP UHF+SBD,BOULDER,2026-10-11T10:10:20.389869+00:00,2026-10-11T10:21:52.328668+00:00,2026/284-10:10:20,2026/284-10:21:52,10:10:20,10:21:52,04:10:20,2026/284,11.5 min,80.1°,N→S,YES,UHF+SBD,False,#ff5050,passes_manual.pkl,False
COSMO,FAIRBANKS,UAF,UAF DELETED,FAIRBANKS,2026-10-11T11:25:55.270074+00:00,2026-10-11T11:35:26.100948+00:00,2026/284-11:25:55,2026/284-11:35:26,11:25:55,11:35:26,05:25:55,2026/284,9.5 min,11.5°,NE→SE,YES,DELETED,True,#777777,passes_manual.pkl,False
COSMO,BOULDER,LASP,LASP UHF,BOULDER,2026-10-11T11:31:35.367629+00:00,2026-10-11T11:39:51.869787+00:00,2026/284-11:31:35,2026/284-11:39:51,11:31:35,11:39:51,05:31:35,2026/284,8.3 min,8.0°,N→W,YES,UHF,False,#b88df7,passes_manual.pkl,False
AEPEX,FAIRBANKS,UAF,UAF DELETED,FAIRBANKS,2026-10-11T11:39:31.212966+00:00,2026-10-11T11:49:27.445754+00:00,2026/284-11:39:31,2026/284-11:49:27,11:39:31,11:49:27,05:39:31,2026/284,9.9 min,13.9°,NE→SE,YES,DELETED,True,#777777,passes_manual.pkl,False
AEPEX,BOULDER,LASP,LASP UHF,BOULDER,2026-10-11T11:45:41.154142+00:00,2026-10-11T11:52:41.652262+00:00,2026/284-11:45:41,2026/284-11:52:41,11:45:41,11:52:41,05:45:41,2026/284,7.0 min,5.1°,NW→W,NO,UHF,False,#ff5050,passes_manual.pkl,False
CANVAS,BOULDER,LASP,LASP DELETED,BOULDER,2026-10-11T11:47:42.059201+00:00,2026-10-11T11:54:40.276057+00:00,2026/284-11:47:42,2026/284-11:54:40,11:47:42,11:54:40,05:47:42,2026/284,7.0 min,4.8°,SE→E,YES,DELETED,True,#777777,passes_manual.pkl,False
COSMO,FAIRBANKS,UAF,UAF DELETED,FAIRBANKS,2026-10-11T12:59:39.611643+00:00,2026-10-11T13:11:12.104077+00:00,2026/284-12:59:39,2026/284-13:11:12,12:59:39,13:11:12,06:59:39,2026/284,11.5 min,50.1°,N→S,YES,DELETED,True,#777777,passes_manual.pkl,False
AEPEX,FAIRBANKS,UAF,UAF UHF,FAIRBANKS,2026-10-11T13:13:17.478477+00:00,2026-10-11T13:24:52.596398+00:00,2026/284-13:13:17,2026/284-13:24:52,13:13:17,13:24:52,07:13:17,2026/284,11.6 min,62.2°,N→S,YES,UHF,False,#ff5050,passes_manual.pkl,False
CANVAS,BOULDER,LASP,LASP UHF+SBD,BOULDER,2026-10-11T13:22:06.496999+00:00,2026-10-11T13:33:37.708871+00:00,2026/284-13:22:06,2026/284-13:33:37,13:22:06,13:33:37,07:22:06,2026/284,11.5 min,72.2°,SW→NE,YES,UHF+SBD,False,#00d7ff,passes_manual.pkl,False
COSMO,FAIRBANKS,UAF,UAF UHF,FAIRBANKS,2026-10-11T14:33:38.901541+00:00,2026-10-11T14:44:51.296422+00:00,2026/284-14:33:38,2026/284-14:44:51,14:33:38,14:44:51,08:33:38,2026/284,11.2 min,35.1°,N→SW,YES,UHF,False,#b88df7,passes_manual.pkl,False
AEPEX,FAIRBANKS,UAF,UAF DELETED,FAIRBANKS,2026-10-11T14:47:15.273673+00:00,2026-10-11T14:58:16.401975+00:00,2026/284-14:47:15,2026/284-14:58:16,14:47:15,14:58:16,08:47:15,2026/284,11.0 min,29.8°,N→SW,YES,DELETED,True,#777777,passes_manual.pkl,False
CANVAS,BOULDER,LASP,LASP UHF,BOULDER,2026-10-11T15:00:45.989691+00:00,2026-10-11T15:10:38.407162+00:00,2026/284-15:00:45,2026/284-15:10:38,15:00:45,15:10:38,09:00:45,2026/284,9.9 min,13.7°,W→NE,YES,UHF,False,#00d7ff,passes_manual.pkl,False
SPRITE,BOULDER,LASP,LASP DELETED,BOULDER,2026-10-11T15:48:57.896213+00:00,2026-10-11T15:52:45.520066+00:00,2026/284-15:48:57,2026/284-15:52:45,15:48:57,15:52:45,09:48:57,2026/284,3.8 min,1.2°,NE→E,YES,DELETED,True,#777777,passes_manual.pkl,False
COSMO,FAIRBANKS,UAF,UAF UHF,FAIRBANKS,2026-10-11T16:07:32.441969+00:00,2026-10-11T16:17:00.106192+00:00,2026/284-16:07:32,2026/284-16:17:00,16:07:32,16:17:00,10:07:32,2026/284,9.5 min,12.6°,N→W,YES,UHF,False,#b88df7,passes_manual.pkl,False
AEPEX,FAIRBANKS,UAF,UAF DELETED,FAIRBANKS,2026-10-11T16:21:04.844266+00:00,2026-10-11T16:30:14.894413+00:00,2026/284-16:21:04,2026/284-16:30:14,16:21:04,16:30:14,10:21:04,2026/284,9.2 min,11.2°,N→W,YES,DELETED,True,#777777,passes_manual.pkl,False
CANVAS,FAIRBANKS,UAF,UAF DELETED,FAIRBANKS,2026-10-11T16:37:58.186424+00:00,2026-10-11T16:46:26.260749+00:00,2026/284-16:37:58,2026/284-16:46:26,16:37:58,16:46:26,10:37:58,2026/284,8.5 min,8.5°,S→E,YES,DELETED,True,#777777,passes_manual.pkl,False
CANVAS,BOULDER,LASP,LASP UHF,BOULDER,2026-10-11T16:42:04.478003+00:00,2026-10-11T16:47:26.792864+00:00,2026/284-16:42:04,2026/284-16:47:26,16:42:04,16:47:26,10:42:04,2026/284,5.4 min,2.4°,NW→N,YES,UHF,False,#00d7ff,passes_manual.pkl,False
SPRITE,BOULDER,LASP,LASP UHF,BOULDER,2026-10-11T17:19:48.083151+00:00,2026-10-11T17:31:18.569147+00:00,2026/284-17:19:48,2026/284-17:31:18,17:19:48,17:31:18,11:19:48,2026/284,11.5 min,54.6°,N→S,YES,UHF,False,#2fd23b,passes_manual.pkl,False
COSMO,FAIRBANKS,UAF,UAF UHF,FAIRBANKS,2026-10-11T17:40:54.851402+00:00,2026-10-11T17:48:29.141852+00:00,2026/284-17:40:54,2026/284-17:48:29,17:40:54,17:48:29,11:40:54,2026/284,7.6 min,6.2°,NE→NW,YES,UHF,False,#b88df7,passes_manual.pkl,False
AEPEX,FAIRBANKS,UAF,UAF UHF,FAIRBANKS,2026-10-11T17:54:18.623332+00:00,2026-10-11T18:01:42.834150+00:00,2026/284-17:54:18,2026/284-18:01:42,17:54:18,18:01:42,11:54:18,2026/284,7.4 min,5.9°,NE→NW,YES,UHF,False,#ff5050,passes_manual.pkl,False
CANVAS,FAIRBANKS,UAF,UAF DELETED,FAIRBANKS,2026-10-11T18:13:15.965897+00:00,2026-10-11T18:23:50.828315+00:00,2026/284-18:13:15,2026/284-18:23:50,18:13:15,18:23:50,12:13:15,2026/284,10.6 min,22.4°,SW→E,YES,DELETED,True,#777777,passes_manual.pkl,False
CANVAS,BOULDER,LASP,LASP UHF,BOULDER,2026-10-11T18:21:56.974234+00:00,2026-10-11T18:26:57.305137+00:00,2026/284-18:21:56,2026/284-18:26:57,18:21:56,18:26:57,12:21:56,2026/284,5.0 min,2.1°,N→NE,YES,UHF,False,#00d7ff,passes_manual.pkl,False
SPRITE,FAIRBANKS,UAF,UAF DELETED,FAIRBANKS,2026-10-11T18:49:09.498938+00:00,2026-10-11T18:58:24.700082+00:00,2026/284-18:49:09,2026/284-18:58:24,18:49:09,18:58:24,12:49:09,2026/284,9.3 min,10.3°,NE→SE,YES,DELETED,True,#777777,passes_manual.pkl,False
SPRITE,BOULDER,LASP,LASP UHF,BOULDER,2026-10-11T18:54:36.524482+00:00,2026-10-11T19:03:28.209512+00:00,2026/284-18:54:36,2026/284-19:03:28,18:54:36,19:03:28,12:54:36,2026/284,8.9 min,9.9°,N→SW,YES,UHF,False,#2fd23b,passes_manual.pkl,False
COSMO,FAIRBANKS,UAF,UAF UHF,FAIRBANKS,2026-10-11T19:13:09.673825+00:00,2026-10-11T19:20:37.549261+00:00,2026/284-19:13:09,2026/284-19:20:37,19:13:09,19:20:37,13:13:09,2026/284,7.5 min,6.0°,NE→NW,YES,UHF,False,#b88df7,passes_manual.pkl,False
AEPEX,BOULDER,LASP,LASP DELETED,BOULDER,2026-10-11T19:19:53.683503+00:00,2026-10-11T19:22:12.928649+00:00,2026/284-19:19:53,2026/284-19:22:12,19:19:53,19:22:12,13:19:53,2026/284,2.3 min,0.5°,E→NE,YES,DELETED,True,#777777,passes_manual.pkl,False
AEPEX,FAIRBANKS,UAF,UAF DELETED,FAIRBANKS,2026-10-11T19:26:22.295808+00:00,2026-10-11T19:33:59.275478+00:00,2026/284-19:26:22,2026/284-19:33:59,19:26:22,19:33:59,13:26:22,2026/284,7.6 min,6.3°,NE→NW,YES,DELETED,True,#777777,passes_manual.pkl,False
CANVAS,FAIRBANKS,UAF,UAF DELETED,FAIRBANKS,2026-10-11T19:49:49.122295+00:00,2026-10-11T20:00:55.282831+00:00,2026/284-19:49:49,2026/284-20:00:55,19:49:49,20:00:55,13:49:49,2026/284,11.1 min,35.7°,W→E,YES,DELETED,True,#777777,passes_manual.pkl,False
CANVAS,BOULDER,LASP,LASP UHF,BOULDER,2026-10-11T19:58:48.833579+00:00,2026-10-11T20:08:20.498787+00:00,2026/284-19:58:48,2026/284-20:08:20,19:58:48,20:08:20,13:58:48,2026/284,9.5 min,12.1°,NW→E,YES,UHF,False,#00d7ff,passes_manual.pkl,False
COSMO,CL01-01,CL01-01,CL01-01 SBD,LEAF SPACE,2026-10-11T20:10:19.772000+00:00,2026-10-11T20:19:44.720000+00:00,2026/284-20:10:19,2026/284-20:19:44,20:10:19,20:19:44,14:10:19,2026/284,9.4 min,76.4°,--→--,YES,SBD,False,#b88df7,passes_leafspace.pkl,True
SPRITE,FAIRBANKS,UAF,UAF UHF,FAIRBANKS,2026-10-11T20:22:58.259175+00:00,2026-10-11T20:34:28.972290+00:00,2026/284-20:22:58,2026/284-20:34:28,20:22:58,20:34:28,14:22:58,2026/284,11.5 min,44.5°,N→S,YES,UHF,False,#2fd23b,passes_manual.pkl,False
COSMO,BOULDER,LASP,LASP DELETED,BOULDER,2026-10-11T20:35:00.314396+00:00,2026-10-11T20:45:47.491511+00:00,2026/284-20:35:00,2026/284-20:45:47,20:35:00,20:45:47,14:35:00,2026/284,10.8 min,26.3°,SE→N,YES,DELETED,True,#777777,passes_manual.pkl,False
COSMO,FAIRBANKS,UAF,UAF DELETED,FAIRBANKS,2026-10-11T20:44:39.359541+00:00,2026-10-11T20:53:55.442903+00:00,2026/284-20:44:39,2026/284-20:53:55,20:44:39,20:53:55,14:44:39,2026/284,9.3 min,11.7°,E→N,YES,DELETED,True,#777777,passes_manual.pkl,False
AEPEX,BOULDER,LASP,LASP UHF+SBD,BOULDER,2026-10-11T20:48:13.649418+00:00,2026-10-11T20:59:22.345673+00:00,2026/284-20:48:13,2026/284-20:59:22,20:48:13,20:59:22,14:48:13,2026/284,11.1 min,36.9°,SE→N,YES,UHF+SBD,False,#ff5050,passes_manual.pkl,False
AEPEX,FAIRBANKS,UAF,UAF DELETED,FAIRBANKS,2026-10-11T20:57:50.257238+00:00,2026-10-11T21:07:22.249120+00:00,2026/284-20:57:50,2026/284-21:07:22,20:57:50,21:07:22,14:57:50,2026/284,9.5 min,13.1°,E→N,YES,DELETED,True,#777777,passes_manual.pkl,False
CANVAS,FAIRBANKS,UAF,UAF DELETED,FAIRBANKS,2026-10-11T21:26:48.769815+00:00,2026-10-11T21:37:47.067540+00:00,2026/284-21:26:48,2026/284-21:37:47,21:26:48,21:37:47,15:26:48,2026/284,11.0 min,31.4°,W→SE,YES,DELETED,True,#777777,passes_manual.pkl,False
CANVAS,BOULDER,LASP,LASP UHF+SBD,BOULDER,2026-10-11T21:35:46.980207+00:00,2026-10-11T21:47:12.093752+00:00,2026/284-21:35:46,2026/284-21:47:12,21:35:46,21:47:12,15:35:46,2026/284,11.4 min,85.8°,NW→SE,YES,UHF+SBD,False,#00d7ff,passes_manual.pkl,False
SPRITE,FAIRBANKS,UAF,UAF UHF,FAIRBANKS,2026-10-11T21:57:03.946241+00:00,2026-10-11T22:08:22.972158+00:00,2026/284-21:57:03,2026/284-22:08:22,21:57:03,22:08:22,15:57:03,2026/284,11.3 min,38.7°,N→SW,YES,UHF,False,#2fd23b,passes_manual.pkl,False
COSMO,BOULDER,LASP,LASP UHF,BOULDER,2026-10-11T22:09:06.006482+00:00,2026-10-11T22:19:24.946193+00:00,2026/284-22:09:06,2026/284-22:19:24,22:09:06,22:19:24,16:09:06,2026/284,10.3 min,17.9°,S→NW,YES,UHF,False,#b88df7,passes_manual.pkl,False
COSMO,FAIRBANKS,UAF,UAF DELETED,FAIRBANKS,2026-10-11T22:16:43.156230+00:00,2026-10-11T22:27:47.464841+00:00,2026/284-22:16:43,2026/284-22:27:47,22:16:43,22:27:47,16:16:43,2026/284,11.1 min,31.7°,SE→N,YES,DELETED,True,#777777,passes_manual.pkl,False
AEPEX,BOULDER,LASP,LASP DELETED,BOULDER,2026-10-11T22:22:58.311545+00:00,2026-10-11T22:32:35.682009+00:00,2026/284-22:22:58,2026/284-22:32:35,22:22:58,22:32:35,16:22:58,2026/284,9.6 min,12.8°,SW→NW,YES,DELETED,True,#777777,passes_manual.pkl,False
AEPEX,FAIRBANKS,UAF,UAF DELETED,FAIRBANKS,2026-10-11T22:30:01.259158+00:00,2026-10-11T22:41:14.722386+00:00,2026/284-22:30:01,2026/284-22:41:14,22:30:01,22:41:14,16:30:01,2026/284,11.2 min,37.4°,SE→N,YES,DELETED,True,#777777,passes_manual.pkl,False
CANVAS,FAIRBANKS,UAF,UAF DELETED,FAIRBANKS,2026-10-11T23:03:58.671830+00:00,2026-10-11T23:13:56.852576+00:00,2026/284-23:03:58,2026/284-23:13:56,23:03:58,23:13:56,17:03:58,2026/284,10.0 min,16.2°,W→SE,YES,DELETED,True,#777777,passes_manual.pkl,False
CANVAS,BOULDER,LASP,LASP UHF,BOULDER,2026-10-11T23:14:29.341218+00:00,2026-10-11T23:22:00.043033+00:00,2026/284-23:14:29,2026/284-23:22:00,23:14:29,23:22:00,17:14:29,2026/284,7.5 min,6.0°,W→SW,YES,UHF,False,#00d7ff,passes_manual.pkl,False
SPRITE,FAIRBANKS,UAF,UAF UHF,FAIRBANKS,2026-10-11T23:31:05.013444+00:00,2026-10-11T23:40:43.813546+00:00,2026/284-23:31:05,2026/284-23:40:43,23:31:05,23:40:43,17:31:05,2026/284,9.6 min,13.5°,N→W,YES,UHF,False,#2fd23b,passes_manual.pkl,False
COSMO,FAIRBANKS,UAF,UAF UHF,FAIRBANKS,2026-10-11T23:50:14.256334+00:00,2026-10-12T00:01:46.776525+00:00,2026/284-23:50:14,2026/285-00:01:46,23:50:14,00:01:46,17:50:14,2026/284,11.5 min,56.9°,S→N,YES,UHF,False,#b88df7,passes_manual.pkl,False
AEPEX,FAIRBANKS,UAF,UAF DELETED,FAIRBANKS,2026-10-12T00:03:44.392673+00:00,2026-10-12T00:15:11.973579+00:00,2026/285-00:03:44,2026/285-00:15:11,00:03:44,00:15:11,18:03:44,2026/285,11.5 min,45.9°,S→N,YES,DELETED,True,#777777,passes_manual.pkl,False
CANVAS,FAIRBANKS,UAF,UAF UHF,FAIRBANKS,2026-10-12T00:41:52.597143+00:00,2026-10-12T00:48:14.033303+00:00,2026/285-00:41:52,2026/285-00:48:14,00:41:52,00:48:14,18:41:52,2026/285,6.4 min,3.9°,W→SW,YES,UHF,False,#00d7ff,passes_manual.pkl,False
SPRITE,FAIRBANKS,UAF,UAF UHF,FAIRBANKS,2026-10-12T01:04:37.010345+00:00,2026-10-12T01:12:20.150486+00:00,2026/285-01:04:37,2026/285-01:12:20,01:04:37,01:12:20,19:04:37,2026/285,7.7 min,6.5°,NE→NW,YES,UHF,False,#2fd23b,passes_manual.pkl,False
COSMO,FAIRBANKS,UAF,UAF UHF,FAIRBANKS,2026-10-12T01:25:48.849303+00:00,2026-10-12T01:35:33.214412+00:00,2026/285-01:25:48,2026/285-01:35:33,01:25:48,01:35:33,19:25:48,2026/285,9.7 min,12.9°,SW→NW,YES,UHF,False,#b88df7,passes_manual.pkl,False
AEPEX,FAIRBANKS,UAF,UAF DELETED,FAIRBANKS,2026-10-12T01:39:36.606292+00:00,2026-10-12T01:48:52.602983+00:00,2026/285-01:39:36,2026/285-01:48:52,01:39:36,01:48:52,19:39:36,2026/285,9.3 min,10.6°,SW→NW,YES,DELETED,True,#777777,passes_manual.pkl,False
SPRITE,FAIRBANKS,UAF,UAF UHF,FAIRBANKS,2026-10-12T02:37:03.023025+00:00,2026-10-12T02:44:30.485078+00:00,2026/285-02:37:03,2026/285-02:44:30,02:37:03,02:44:30,20:37:03,2026/285,7.5 min,5.9°,NE→NW,YES,UHF,False,#2fd23b,passes_manual.pkl,False
COSMO,FAIRBANKS,UAF,UAF DELETED,FAIRBANKS,2026-10-12T03:05:31.639205+00:00,2026-10-12T03:07:18.337320+00:00,2026/285-03:05:31,2026/285-03:07:18,03:05:31,03:07:18,21:05:31,2026/285,1.8 min,0.2°,W→NW,YES,DELETED,True,#777777,passes_manual.pkl,False
SPRITE,BOULDER,LASP,LASP UHF,BOULDER,2026-10-12T03:58:58.760542+00:00,2026-10-12T04:09:38.234892+00:00,2026/285-03:58:58,2026/285-04:09:38,03:58:58,04:09:38,21:58:58,2026/285,10.7 min,22.5°,SE→N,NO,UHF,False,#2fd23b,passes_manual.pkl,False
SPRITE,FAIRBANKS,UAF,UAF DELETED,FAIRBANKS,2026-10-12T04:08:39.450065+00:00,2026-10-12T04:17:51.123888+00:00,2026/285-04:08:39,2026/285-04:17:51,04:08:39,04:17:51,22:08:39,2026/285,9.2 min,11.2°,E→N,NO,DELETED,True,#777777,passes_manual.pkl,False
SPRITE,BOULDER,LASP,LASP UHF,BOULDER,2026-10-12T05:32:49.696347+00:00,2026-10-12T05:43:33.861927+00:00,2026/285-05:32:49,2026/285-05:43:33,05:32:49,05:43:33,23:32:49,2026/285,10.7 min,21.7°,S→NW,NO,UHF,False,#2fd23b,passes_manual.pkl,False
SPRITE,FAIRBANKS,UAF,UAF DELETED,FAIRBANKS,2026-10-12T05:40:45.081175+00:00,2026-10-12T05:51:48.517055+00:00,2026/285-05:40:45,2026/285-05:51:48,05:40:45,05:51:48,23:40:45,2026/285,11.1 min,29.4°,SE→N,NO,DELETED,True,#777777,passes_manual.pkl,False
SPRITE,FAIRBANKS,UAF,UAF UHF,FAIRBANKS,2026-10-12T07:14:15.503869+00:00,2026-10-12T07:25:54.764583+00:00,2026/285-07:14:15,2026/285-07:25:54,07:14:15,07:25:54,01:14:15,2026/285,11.7 min,64.2°,S→N,NO,UHF,False,#2fd23b,passes_manual.pkl,False
AEPEX,BOULDER,LASP,LASP DELETED,BOULDER,2026-10-12T08:21:13.069337+00:00,2026-10-12T08:25:18.916692+00:00,2026/285-08:21:13,2026/285-08:25:18,08:21:13,08:25:18,02:21:13,2026/285,4.1 min,1.4°,NE→E,NO,DELETED,True,#777777,passes_manual.pkl,False
SPRITE,FAIRBANKS,UAF,UAF UHF,FAIRBANKS,2026-10-12T08:49:46.780878+00:00,2026-10-12T08:59:50.216115+00:00,2026/285-08:49:46,2026/285-08:59:50,08:49:46,08:59:50,02:49:46,2026/285,10.1 min,14.4°,SW→NW,NO,UHF,False,#2fd23b,passes_manual.pkl,False
COSMO,BOULDER,LASP,LASP DELETED,BOULDER,2026-10-12T09:38:52.437176+00:00,2026-10-12T09:50:12.726197+00:00,2026/285-09:38:52,2026/285-09:50:12,09:38:52,09:50:12,03:38:52,2026/285,11.3 min,38.9°,N→S,NO,DELETED,True,#777777,passes_manual.pkl,False
AEPEX,BOULDER,LASP,LASP UHF+SBD,BOULDER,2026-10-12T09:52:03.439605+00:00,2026-10-12T10:03:32.477213+00:00,2026/285-09:52:03,2026/285-10:03:32,09:52:03,10:03:32,03:52:03,2026/285,11.5 min,56.7°,N→S,YES,UHF+SBD,False,#ff5050,passes_manual.pkl,False
SPRITE,FAIRBANKS,UAF,UAF DELETED,FAIRBANKS,2026-10-12T10:28:49.796700+00:00,2026-10-12T10:32:20.161526+00:00,2026/285-10:28:49,2026/285-10:32:20,10:28:49,10:32:20,04:28:49,2026/285,3.5 min,1.0°,W→NW,NO,DELETED,True,#777777,passes_manual.pkl,False
COSMO,FAIRBANKS,UAF,UAF DELETED,FAIRBANKS,2026-10-12T11:08:08.807531+00:00,2026-10-12T11:16:52.169459+00:00,2026/285-11:08:08,2026/285-11:16:52,11:08:08,11:16:52,05:08:08,2026/285,8.7 min,8.5°,NE→SE,YES,DELETED,True,#777777,passes_manual.pkl,False
COSMO,BOULDER,LASP,LASP UHF,BOULDER,2026-10-12T11:13:15.442071+00:00,2026-10-12T11:22:50.955312+00:00,2026/285-11:13:15,2026/285-11:22:50,11:13:15,11:22:50,05:13:15,2026/285,9.6 min,13.3°,N→SW,YES,UHF,False,#b88df7,passes_manual.pkl,False
AEPEX,FAIRBANKS,UAF,UAF DELETED,FAIRBANKS,2026-10-12T11:21:17.559564+00:00,2026-10-12T11:30:31.807204+00:00,2026/285-11:21:17,2026/285-11:30:31,11:21:17,11:30:31,05:21:17,2026/285,9.2 min,10.4°,NE→SE,YES,DELETED,True,#777777,passes_manual.pkl,False
CANVAS,BOULDER,LASP,LASP DELETED,BOULDER,2026-10-12T11:21:56.939421+00:00,2026-10-12T11:27:54.890106+00:00,2026/285-11:21:56,2026/285-11:27:54,11:21:56,11:27:54,05:21:56,2026/285,6.0 min,3.3°,SE→E,YES,DELETED,True,#777777,passes_manual.pkl,False
AEPEX,BOULDER,LASP,LASP DELETED,BOULDER,2026-10-12T11:26:45.548602+00:00,2026-10-12T11:35:29.766252+00:00,2026/285-11:26:45,2026/285-11:35:29,11:26:45,11:35:29,05:26:45,2026/285,8.7 min,9.5°,N→SW,YES,DELETED,True,#777777,passes_manual.pkl,False
COSMO,FAIRBANKS,UAF,UAF DELETED,FAIRBANKS,2026-10-12T12:41:45.855400+00:00,2026-10-12T12:53:08.451487+00:00,2026/285-12:41:45,2026/285-12:53:08,12:41:45,12:53:08,06:41:45,2026/285,11.4 min,36.9°,N→S,YES,DELETED,True,#777777,passes_manual.pkl,False
AEPEX,FAIRBANKS,UAF,UAF UHF,FAIRBANKS,2026-10-12T12:54:57.796272+00:00,2026-10-12T13:06:26.130238+00:00,2026/285-12:54:57,2026/285-13:06:26,12:54:57,13:06:26,06:54:57,2026/285,11.5 min,44.9°,N→S,YES,UHF,False,#ff5050,passes_manual.pkl,False
CANVAS,BOULDER,LASP,LASP UHF+SBD,BOULDER,2026-10-12T12:55:47.942763+00:00,2026-10-12T13:07:16.130452+00:00,2026/285-12:55:47,2026/285-13:07:16,12:55:47,13:07:16,06:55:47,2026/285,11.5 min,58.9°,SW→NE,YES,UHF+SBD,False,#00d7ff,passes_manual.pkl,False
COSMO,FAIRBANKS,UAF,UAF UHF,FAIRBANKS,2026-10-12T14:15:44.126716+00:00,2026-10-12T14:27:08.716274+00:00,2026/285-14:15:44,2026/285-14:27:08,14:15:44,14:27:08,08:15:44,2026/285,11.4 min,45.6°,N→SW,YES,UHF,False,#b88df7,passes_manual.pkl,False
AEPEX,FAIRBANKS,UAF,UAF DELETED,FAIRBANKS,2026-10-12T14:28:55.030254+00:00,2026-10-12T14:40:10.729086+00:00,2026/285-14:28:55,2026/285-14:40:10,14:28:55,14:40:10,08:28:55,2026/285,11.3 min,38.2°,N→SW,YES,DELETED,True,#777777,passes_manual.pkl,False
CANVAS,BOULDER,LASP,LASP UHF,BOULDER,2026-10-12T14:34:12.704447+00:00,2026-10-12T14:44:20.455693+00:00,2026/285-14:34:12,2026/285-14:44:20,14:34:12,14:44:20,08:34:12,2026/285,10.1 min,15.5°,W→NE,YES,UHF,False,#00d7ff,passes_manual.pkl,False
COSMO,FAIRBANKS,UAF,UAF UHF,FAIRBANKS,2026-10-12T15:49:40.160421+00:00,2026-10-12T15:59:31.722222+00:00,2026/285-15:49:40,2026/285-15:59:31,15:49:40,15:59:31,09:49:40,2026/285,9.9 min,14.9°,N→W,YES,UHF,False,#b88df7,passes_manual.pkl,False
AEPEX,FAIRBANKS,UAF,UAF DELETED,FAIRBANKS,2026-10-12T16:02:47.765797+00:00,2026-10-12T16:12:22.608550+00:00,2026/285-16:02:47,2026/285-16:12:22,16:02:47,16:12:22,10:02:47,2026/285,9.6 min,13.3°,N→W,YES,DELETED,True,#777777,passes_manual.pkl,False
CANVAS,FAIRBANKS,UAF,UAF DELETED,FAIRBANKS,2026-10-12T16:11:51.864575+00:00,2026-10-12T16:20:02.806076+00:00,2026/285-16:11:51,2026/285-16:20:02,16:11:51,16:20:02,10:11:51,2026/285,8.2 min,7.6°,S→E,YES,DELETED,True,#777777,passes_manual.pkl,False
CANVAS,BOULDER,LASP,LASP UHF,BOULDER,2026-10-12T16:15:23.282773+00:00,2026-10-12T16:21:06.752180+00:00,2026/285-16:15:23,2026/285-16:21:06,16:15:23,16:21:06,10:15:23,2026/285,5.7 min,2.8°,NW→N,YES,UHF,False,#00d7ff,passes_manual.pkl,False
SPRITE,BOULDER,LASP,LASP UHF,BOULDER,2026-10-12T17:03:42.203747+00:00,2026-10-12T17:14:54.982120+00:00,2026/285-17:03:42,2026/285-17:14:54,17:03:42,17:14:54,11:03:42,2026/285,11.2 min,33.0°,N→S,YES,UHF,False,#2fd23b,passes_manual.pkl,False
COSMO,FAIRBANKS,UAF,UAF UHF,FAIRBANKS,2026-10-12T17:23:11.280334+00:00,2026-10-12T17:31:02.679889+00:00,2026/285-17:23:11,2026/285-17:31:02,17:23:11,17:31:02,11:23:11,2026/285,7.9 min,6.9°,NE→NW,YES,UHF,False,#b88df7,passes_manual.pkl,False
AEPEX,FAIRBANKS,UAF,UAF UHF,FAIRBANKS,2026-10-12T17:36:11.611119+00:00,2026-10-12T17:43:50.372804+00:00,2026/285-17:36:11,2026/285-17:43:50,17:36:11,17:43:50,11:36:11,2026/285,7.6 min,6.4°,NE→NW,YES,UHF,False,#ff5050,passes_manual.pkl,False
CANVAS,FAIRBANKS,UAF,UAF DELETED,FAIRBANKS,2026-10-12T17:47:00.690990+00:00,2026-10-12T17:57:30.789290+00:00,2026/285-17:47:00,2026/285-17:57:30,17:47:00,17:57:30,11:47:00,2026/285,10.5 min,21.3°,SW→E,YES,DELETED,True,#777777,passes_manual.pkl,False
CANVAS,BOULDER,LASP,LASP DELETED,BOULDER,2026-10-12T17:55:34.981155+00:00,2026-10-12T18:00:17.129875+00:00,2026/285-17:55:34,2026/285-18:00:17,17:55:34,18:00:17,11:55:34,2026/285,4.7 min,1.8°,N→NE,YES,DELETED,True,#777777,passes_manual.pkl,False
SPRITE,FAIRBANKS,UAF,UAF DELETED,FAIRBANKS,2026-10-12T18:33:03.840469+00:00,2026-10-12T18:41:32.584712+00:00,2026/285-18:33:03,2026/285-18:41:32,18:33:03,18:41:32,12:33:03,2026/285,8.5 min,7.7°,NE→SE,YES,DELETED,True,#777777,passes_manual.pkl,False
SPRITE,BOULDER,LASP,LASP UHF,BOULDER,2026-10-12T18:38:02.861457+00:00,2026-10-12T18:47:57.639186+00:00,2026/285-18:38:02,2026/285-18:47:57,18:38:02,18:47:57,12:38:02,2026/285,9.9 min,15.3°,N→SW,YES,UHF,False,#2fd23b,passes_manual.pkl,False
COSMO,FAIRBANKS,UAF,UAF UHF,FAIRBANKS,2026-10-12T18:55:40.366608+00:00,2026-10-12T19:02:58.068646+00:00,2026/285-18:55:40,2026/285-19:02:58,18:55:40,19:02:58,12:55:40,2026/285,7.3 min,5.6°,NE→NW,YES,UHF,False,#b88df7,passes_manual.pkl,False
AEPEX,FAIRBANKS,UAF,UAF UHF,FAIRBANKS,2026-10-12T19:08:29.486446+00:00,2026-10-12T19:15:52.608725+00:00,2026/285-19:08:29,2026/285-19:15:52,19:08:29,19:15:52,13:08:29,2026/285,7.4 min,5.8°,NE→NW,YES,UHF,False,#ff5050,passes_manual.pkl,False
CANVAS,FAIRBANKS,UAF,UAF DELETED,FAIRBANKS,2026-10-12T19:23:30.319828+00:00,2026-10-12T19:34:35.838101+00:00,2026/285-19:23:30,2026/285-19:34:35,19:23:30,19:34:35,13:23:30,2026/285,11.1 min,35.2°,SW→E,YES,DELETED,True,#777777,passes_manual.pkl,False
CANVAS,BOULDER,LASP,LASP UHF,BOULDER,2026-10-12T19:32:30.788275+00:00,2026-10-12T19:41:45.416625+00:00,2026/285-19:32:30,2026/285-19:41:45,19:32:30,19:41:45,13:32:30,2026/285,9.2 min,10.7°,NW→E,YES,UHF,False,#00d7ff,passes_manual.pkl,False
SPRITE,FAIRBANKS,UAF,UAF UHF,FAIRBANKS,2026-10-12T20:06:45.292076+00:00,2026-10-12T20:18:05.268392+00:00,2026/285-20:06:45,2026/285-20:18:05,20:06:45,20:18:05,14:06:45,2026/285,11.3 min,34.0°,N→S,YES,UHF,False,#2fd23b,passes_manual.pkl,False
COSMO,BOULDER,LASP,LASP DELETED,BOULDER,2026-10-12T20:17:37.949587+00:00,2026-10-12T20:27:39.450476+00:00,2026/285-20:17:37,2026/285-20:27:39,20:17:37,20:27:39,14:17:37,2026/285,10.0 min,16.6°,SE→N,YES,DELETED,True,#777777,passes_manual.pkl,False
COSMO,FAIRBANKS,UAF,UAF DELETED,FAIRBANKS,2026-10-12T20:27:12.583361+00:00,2026-10-12T20:36:04.748699+00:00,2026/285-20:27:12,2026/285-20:36:04,20:27:12,20:36:04,14:27:12,2026/285,8.9 min,10.0°,E→N,YES,DELETED,True,#777777,passes_manual.pkl,False
AEPEX,BOULDER,LASP,LASP UHF+SBD,BOULDER,2026-10-12T20:30:18.839449+00:00,2026-10-12T20:40:52.525813+00:00,2026/285-20:30:18,2026/285-20:40:52,20:30:18,20:40:52,14:30:18,2026/285,10.6 min,22.4°,SE→N,YES,UHF+SBD,False,#ff5050,passes_manual.pkl,False
AEPEX,FAIRBANKS,UAF,UAF DELETED,FAIRBANKS,2026-10-12T20:39:57.841735+00:00,2026-10-12T20:49:05.268269+00:00,2026/285-20:39:57,2026/285-20:49:05,20:39:57,20:49:05,14:39:57,2026/285,9.1 min,11.1°,E→N,YES,DELETED,True,#777777,passes_manual.pkl,False
CANVAS,FAIRBANKS,UAF,UAF DELETED,FAIRBANKS,2026-10-12T21:00:28.943978+00:00,2026-10-12T21:11:29.105046+00:00,2026/285-21:00:28,2026/285-21:11:29,21:00:28,21:11:29,15:00:28,2026/285,11.0 min,32.4°,W→SE,YES,DELETED,True,#777777,passes_manual.pkl,False
CANVAS,BOULDER,LASP,LASP UHF+SBD,BOULDER,2026-10-12T21:09:25.936724+00:00,2026-10-12T21:20:51.044851+00:00,2026/285-21:09:25,2026/285-21:20:51,21:09:25,21:20:51,15:09:25,2026/285,11.4 min,78.6°,NW→SE,YES,UHF+SBD,False,#00d7ff,passes_manual.pkl,False
SPRITE,FAIRBANKS,UAF,UAF UHF,FAIRBANKS,2026-10-12T21:40:49.924660+00:00,2026-10-12T21:52:18.755451+00:00,2026/285-21:40:49,2026/285-21:52:18,21:40:49,21:52:18,15:40:49,2026/285,11.5 min,49.4°,N→SW,YES,UHF,False,#2fd23b,passes_manual.pkl,False
COSMO,BOULDER,LASP,LASP UHF,BOULDER,2026-10-12T21:50:46.028618+00:00,2026-10-12T22:01:47.089125+00:00,2026/285-21:50:46,2026/285-22:01:47,21:50:46,22:01:47,15:50:46,2026/285,11.0 min,29.3°,S→NW,YES,UHF,False,#b88df7,passes_manual.pkl,False
COSMO,FAIRBANKS,UAF,UAF DELETED,FAIRBANKS,2026-10-12T21:59:04.641967+00:00,2026-10-12T22:09:52.811278+00:00,2026/285-21:59:04,2026/285-22:09:52,21:59:04,22:09:52,15:59:04,2026/285,10.8 min,25.4°,SE→N,YES,DELETED,True,#777777,passes_manual.pkl,False
AEPEX,BOULDER,LASP,LASP SBD,BOULDER,2026-10-12T22:04:02.470123+00:00,2026-10-12T22:14:39.019078+00:00,2026/285-22:04:02,2026/285-22:14:39,22:04:02,22:14:39,16:04:02,2026/285,10.6 min,21.2°,S→NW,YES,SBD,False,#ff5050,passes_manual.pkl,False
AEPEX,FAIRBANKS,UAF,UAF DELETED,FAIRBANKS,2026-10-12T22:11:55.543522+00:00,2026-10-12T22:22:54.377882+00:00,2026/285-22:11:55,2026/285-22:22:54,22:11:55,22:22:54,16:11:55,2026/285,11.0 min,29.2°,SE→N,YES,DELETED,True,#777777,passes_manual.pkl,False
CANVAS,FAIRBANKS,UAF,UAF DELETED,FAIRBANKS,2026-10-12T22:37:37.807985+00:00,2026-10-12T22:47:43.630136+00:00,2026/285-22:37:37,2026/285-22:47:43,22:37:37,22:47:43,16:37:37,2026/285,10.1 min,17.3°,W→SE,YES,DELETED,True,#777777,passes_manual.pkl,False
CANVAS,BOULDER,LASP,LASP UHF,BOULDER,2026-10-12T22:47:52.176780+00:00,2026-10-12T22:56:04.684580+00:00,2026/285-22:47:52,2026/285-22:56:04,22:47:52,22:56:04,16:47:52,2026/285,8.2 min,7.7°,W→S,YES,UHF,False,#00d7ff,passes_manual.pkl,False
SPRITE,FAIRBANKS,UAF,UAF UHF,FAIRBANKS,2026-10-12T23:14:53.123423+00:00,2026-10-12T23:24:52.945959+00:00,2026/285-23:14:53,2026/285-23:24:52,23:14:53,23:24:52,17:14:53,2026/285,10.0 min,15.7°,N→W,YES,UHF,False,#2fd23b,passes_manual.pkl,False
COSMO,FAIRBANKS,UAF,UAF UHF,FAIRBANKS,2026-10-12T23:32:16.225003+00:00,2026-10-12T23:43:52.087435+00:00,2026/285-23:32:16,2026/285-23:43:52,23:32:16,23:43:52,17:32:16,2026/285,11.6 min,78.1°,S→N,YES,UHF,False,#b88df7,passes_manual.pkl,False
AEPEX,FAIRBANKS,UAF,UAF DELETED,FAIRBANKS,2026-10-12T23:45:17.913063+00:00,2026-10-12T23:56:52.061878+00:00,2026/285-23:45:17,2026/285-23:56:52,23:45:17,23:56:52,17:45:17,2026/285,11.6 min,63.7°,S→N,YES,DELETED,True,#777777,passes_manual.pkl,False
CANVAS,FAIRBANKS,UAF,UAF UHF,FAIRBANKS,2026-10-13T00:15:24.358792+00:00,2026-10-13T00:22:14.187236+00:00,2026/286-00:15:24,2026/286-00:22:14,00:15:24,00:22:14,18:15:24,2026/286,6.8 min,4.7°,W→S,YES,UHF,False,#00d7ff,passes_manual.pkl,False
SPRITE,FAIRBANKS,UAF,UAF UHF,FAIRBANKS,2026-10-13T00:48:32.681418+00:00,2026-10-13T00:56:31.910012+00:00,2026/286-00:48:32,2026/286-00:56:31,00:48:32,00:56:31,18:48:32,2026/286,8.0 min,7.2°,NE→NW,YES,UHF,False,#2fd23b,passes_manual.pkl,False
COSMO,FAIRBANKS,UAF,UAF UHF,FAIRBANKS,2026-10-13T01:07:23.835521+00:00,2026-10-13T01:17:43.105530+00:00,2026/286-01:07:23,2026/286-01:17:43,01:07:23,01:17:43,19:07:23,2026/286,10.3 min,16.9°,SW→N,YES,UHF,False,#b88df7,passes_manual.pkl,False
AEPEX,FAIRBANKS,UAF,UAF DELETED,FAIRBANKS,2026-10-13T01:20:41.026229+00:00,2026-10-13T01:30:38.542380+00:00,2026/286-01:20:41,2026/286-01:30:38,01:20:41,01:30:38,19:20:41,2026/286,10.0 min,14.2°,SW→NW,YES,DELETED,True,#777777,passes_manual.pkl,False
SPRITE,FAIRBANKS,UAF,UAF UHF,FAIRBANKS,2026-10-13T02:21:11.712927+00:00,2026-10-13T02:28:31.023486+00:00,2026/286-02:21:11,2026/286-02:28:31,02:21:11,02:28:31,20:21:11,2026/286,7.3 min,5.6°,NE→NW,YES,UHF,False,#2fd23b,passes_manual.pkl,False
COSMO,FAIRBANKS,UAF,UAF DELETED,FAIRBANKS,2026-10-13T02:45:37.263159+00:00,2026-10-13T02:50:31.845216+00:00,2026/286-02:45:37,2026/286-02:50:31,02:45:37,02:50:31,20:45:37,2026/286,4.9 min,2.0°,W→NW,YES,DELETED,True,#777777,passes_manual.pkl,False
AEPEX,FAIRBANKS,UAF,UAF DELETED,FAIRBANKS,2026-10-13T02:59:39.470089+00:00,2026-10-13T03:02:55.312206+00:00,2026/286-02:59:39,2026/286-03:02:55,02:59:39,03:02:55,20:59:39,2026/286,3.3 min,0.8°,W→NW,YES,DELETED,True,#777777,passes_manual.pkl,False
SPRITE,BOULDER,LASP,LASP UHF,BOULDER,2026-10-13T03:43:17.712666+00:00,2026-10-13T03:53:10.466379+00:00,2026/286-03:43:17,2026/286-03:53:10,03:43:17,03:53:10,21:43:17,2026/286,9.9 min,15.0°,SE→N,NO,UHF,False,#2fd23b,passes_manual.pkl,False
SPRITE,FAIRBANKS,UAF,UAF DELETED,FAIRBANKS,2026-10-13T03:52:51.358637+00:00,2026-10-13T04:01:41.168058+00:00,2026/286-03:52:51,2026/286-04:01:41,03:52:51,04:01:41,21:52:51,2026/286,8.8 min,9.7°,E→N,NO,DELETED,True,#777777,passes_manual.pkl,False
SPRITE,BOULDER,LASP,LASP UHF,BOULDER,2026-10-13T05:16:16.994229+00:00,2026-10-13T05:27:32.807178+00:00,2026/286-05:16:16,2026/286-05:27:32,05:16:16,05:27:32,23:16:16,2026/286,11.3 min,34.1°,S→N,NO,UHF,False,#2fd23b,passes_manual.pkl,False
SPRITE,FAIRBANKS,UAF,UAF DELETED,FAIRBANKS,2026-10-13T05:24:46.961948+00:00,2026-10-13T05:35:34.719799+00:00,2026/286-05:24:46,2026/286-05:35:34,05:24:46,05:35:34,23:24:46,2026/286,10.8 min,24.2°,SE→N,NO,DELETED,True,#777777,passes_manual.pkl,False
SPRITE,FAIRBANKS,UAF,UAF UHF,FAIRBANKS,2026-10-13T06:58:00.060839+00:00,2026-10-13T07:09:40.761691+00:00,2026/286-06:58:00,2026/286-07:09:40,06:58:00,07:09:40,00:58:00,2026/286,11.7 min,84.5°,S→N,NO,UHF,False,#2fd23b,passes_manual.pkl,False
SPRITE,FAIRBANKS,UAF,UAF UHF,FAIRBANKS,2026-10-13T08:33:07.576252+00:00,2026-10-13T08:43:39.890054+00:00,2026/286-08:33:07,2026/286-08:43:39,08:33:07,08:43:39,02:33:07,2026/286,10.5 min,18.3°,SW→N,NO,UHF,False,#2fd23b,passes_manual.pkl,False
COSMO,BOULDER,LASP,LASP DELETED,BOULDER,2026-10-13T09:21:09.997396+00:00,2026-10-13T09:31:59.121771+00:00,2026/286-09:21:09,2026/286-09:31:59,09:21:09,09:31:59,03:21:09,2026/286,10.8 min,23.3°,NE→S,NO,DELETED,True,#777777,passes_manual.pkl,False
AEPEX,BOULDER,LASP,LASP UHF+SBD,BOULDER,2026-10-13T09:33:51.780994+00:00,2026-10-13T09:45:00.839219+00:00,2026/286-09:33:51,2026/286-09:45:00,09:33:51,09:45:00,03:33:51,2026/286,11.2 min,32.0°,N→S,NO,UHF+SBD,False,#ff5050,passes_manual.pkl,False
SPRITE,FAIRBANKS,UAF,UAF UHF,FAIRBANKS,2026-10-13T10:11:12.003647+00:00,2026-10-13T10:16:45.310932+00:00,2026/286-10:11:12,2026/286-10:16:45,10:11:12,10:16:45,04:11:12,2026/286,5.6 min,2.6°,W→NW,NO,UHF,False,#2fd23b,passes_manual.pkl,False
COSMO,FAIRBANKS,UAF,UAF DELETED,FAIRBANKS,2026-10-13T10:50:25.027915+00:00,2026-10-13T10:58:08.669821+00:00,2026/286-10:50:25,2026/286-10:58:08,10:50:25,10:58:08,04:50:25,2026/286,7.7 min,5.9°,NE→SE,YES,DELETED,True,#777777,passes_manual.pkl,False
COSMO,BOULDER,LASP,LASP UHF,BOULDER,2026-10-13T10:55:03.308584+00:00,2026-10-13T11:05:34.457223+00:00,2026/286-10:55:03,2026/286-11:05:34,10:55:03,11:05:34,04:55:03,2026/286,10.5 min,21.0°,N→SW,YES,UHF,False,#b88df7,passes_manual.pkl,False
CANVAS,BOULDER,LASP,LASP DELETED,BOULDER,2026-10-13T10:56:21.304771+00:00,2026-10-13T11:00:59.137962+00:00,2026/286-10:56:21,2026/286-11:00:59,10:56:21,11:00:59,04:56:21,2026/286,4.6 min,1.8°,SE→E,YES,DELETED,True,#777777,passes_manual.pkl,False
AEPEX,FAIRBANKS,UAF,UAF DELETED,FAIRBANKS,2026-10-13T11:03:06.314777+00:00,2026-10-13T11:11:27.657212+00:00,2026/286-11:03:06,2026/286-11:11:27,11:03:06,11:11:27,05:03:06,2026/286,8.4 min,7.5°,NE→SE,YES,DELETED,True,#777777,passes_manual.pkl,False
AEPEX,BOULDER,LASP,LASP DELETED,BOULDER,2026-10-13T11:08:02.280273+00:00,2026-10-13T11:17:58.225610+00:00,2026/286-11:08:02,2026/286-11:17:58,11:08:02,11:17:58,05:08:02,2026/286,9.9 min,15.6°,N→SW,YES,DELETED,True,#777777,passes_manual.pkl,False
COSMO,FAIRBANKS,UAF,UAF DELETED,FAIRBANKS,2026-10-13T12:23:51.703063+00:00,2026-10-13T12:34:58.940654+00:00,2026/286-12:23:51,2026/286-12:34:58,12:23:51,12:34:58,06:23:51,2026/286,11.1 min,27.8°,N→S,YES,DELETED,True,#777777,passes_manual.pkl,False
CANVAS,BOULDER,LASP,LASP UHF+SBD,BOULDER,2026-10-13T12:29:29.900513+00:00,2026-10-13T12:40:53.214010+00:00,2026/286-12:29:29,2026/286-12:40:53,12:29:29,12:40:53,06:29:29,2026/286,11.4 min,48.0°,SW→NE,YES,UHF+SBD,False,#00d7ff,passes_manual.pkl,False
AEPEX,FAIRBANKS,UAF,UAF UHF,FAIRBANKS,2026-10-13T12:36:38.091143+00:00,2026-10-13T12:47:54.251694+00:00,2026/286-12:36:38,2026/286-12:47:54,12:36:38,12:47:54,06:36:38,2026/286,11.3 min,33.1°,N→S,YES,UHF,False,#ff5050,passes_manual.pkl,False
COSMO,FAIRBANKS,UAF,UAF UHF,FAIRBANKS,2026-10-13T13:57:48.232055+00:00,2026-10-13T14:09:21.546817+00:00,2026/286-13:57:48,2026/286-14:09:21,13:57:48,14:09:21,07:57:48,2026/286,11.6 min,60.9°,N→SW,YES,UHF,False,#b88df7,passes_manual.pkl,False
CANVAS,BOULDER,LASP,LASP UHF,BOULDER,2026-10-13T14:07:39.561587+00:00,2026-10-13T14:18:01.608494+00:00,2026/286-14:07:39,2026/286-14:18:01,14:07:39,14:18:01,08:07:39,2026/286,10.4 min,17.5°,W→NE,YES,UHF,False,#00d7ff,passes_manual.pkl,False
AEPEX,FAIRBANKS,UAF,UAF DELETED,FAIRBANKS,2026-10-13T14:10:34.045529+00:00,2026-10-13T14:22:00.924263+00:00,2026/286-14:10:34,2026/286-14:22:00,14:10:34,14:22:00,08:10:34,2026/286,11.4 min,50.4°,N→SW,YES,DELETED,True,#777777,passes_manual.pkl,False
COSMO,FAIRBANKS,UAF,UAF UHF,FAIRBANKS,2026-10-13T15:31:46.022195+00:00,2026-10-13T15:42:00.309787+00:00,2026/286-15:31:46,2026/286-15:42:00,15:31:46,15:42:00,09:31:46,2026/286,10.2 min,17.8°,N→W,YES,UHF,False,#b88df7,passes_manual.pkl,False
AEPEX,FAIRBANKS,UAF,UAF DELETED,FAIRBANKS,2026-10-13T15:44:29.099868+00:00,2026-10-13T15:54:27.940690+00:00,2026/286-15:44:29,2026/286-15:54:27,15:44:29,15:54:27,09:44:29,2026/286,10.0 min,15.8°,N→W,YES,DELETED,True,#777777,passes_manual.pkl,False
CANVAS,FAIRBANKS,UAF,UAF DELETED,FAIRBANKS,2026-10-13T15:45:45.920037+00:00,2026-10-13T15:53:37.902416+00:00,2026/286-15:45:45,2026/286-15:53:37,15:45:45,15:53:37,09:45:45,2026/286,7.9 min,6.8°,S→E,YES,DELETED,True,#777777,passes_manual.pkl,False
CANVAS,BOULDER,LASP,LASP UHF,BOULDER,2026-10-13T15:48:41.201967+00:00,2026-10-13T15:54:46.507162+00:00,2026/286-15:48:41,2026/286-15:54:46,15:48:41,15:54:46,09:48:41,2026/286,6.1 min,3.2°,NW→N,YES,UHF,False,#00d7ff,passes_manual.pkl,False
SPRITE,BOULDER,LASP,LASP UHF,BOULDER,2026-10-13T16:47:41.439723+00:00,2026-10-13T16:58:21.321799+00:00,2026/286-16:47:41,2026/286-16:58:21,16:47:41,16:58:21,10:47:41,2026/286,10.7 min,21.0°,NE→S,YES,UHF,False,#2fd23b,passes_manual.pkl,False
COSMO,FAIRBANKS,UAF,UAF UHF,FAIRBANKS,2026-10-13T17:05:24.335475+00:00,2026-10-13T17:13:36.151560+00:00,2026/286-17:05:24,2026/286-17:13:36,17:05:24,17:13:36,11:05:24,2026/286,8.2 min,7.8°,NE→NW,YES,UHF,False,#b88df7,passes_manual.pkl,False
AEPEX,FAIRBANKS,UAF,UAF UHF,FAIRBANKS,2026-10-13T17:18:01.346967+00:00,2026-10-13T17:25:58.808832+00:00,2026/286-17:18:01,2026/286-17:25:58,17:18:01,17:25:58,11:18:01,2026/286,8.0 min,7.2°,NE→NW,YES,UHF,False,#ff5050,passes_manual.pkl,False
CANVAS,FAIRBANKS,UAF,UAF DELETED,FAIRBANKS,2026-10-13T17:20:45.032446+00:00,2026-10-13T17:31:09.855022+00:00,2026/286-17:20:45,2026/286-17:31:09,17:20:45,17:31:09,11:20:45,2026/286,10.4 min,20.1°,SW→E,YES,DELETED,True,#777777,passes_manual.pkl,False
CANVAS,BOULDER,LASP,LASP DELETED,BOULDER,2026-10-13T17:29:11.003498+00:00,2026-10-13T17:33:36.958013+00:00,2026/286-17:29:11,2026/286-17:33:36,17:29:11,17:33:36,11:29:11,2026/286,4.4 min,1.6°,N→NE,YES,DELETED,True,#777777,passes_manual.pkl,False
SPRITE,FAIRBANKS,UAF,UAF DELETED,FAIRBANKS,2026-10-13T18:17:01.245803+00:00,2026-10-13T18:24:32.699596+00:00,2026/286-18:17:01,2026/286-18:24:32,18:17:01,18:24:32,12:17:01,2026/286,7.5 min,5.5°,NE→E,YES,DELETED,True,#777777,passes_manual.pkl,False
SPRITE,BOULDER,LASP,LASP UHF,BOULDER,2026-10-13T18:21:35.237279+00:00,2026-10-13T18:32:15.671124+00:00,2026/286-18:21:35,2026/286-18:32:15,18:21:35,18:32:15,12:21:35,2026/286,10.7 min,23.1°,N→SW,YES,UHF,False,#2fd23b,passes_manual.pkl,False
COSMO,FAIRBANKS,UAF,UAF UHF,FAIRBANKS,2026-10-13T18:38:07.636548+00:00,2026-10-13T18:45:20.527917+00:00,2026/286-18:38:07,2026/286-18:45:20,18:38:07,18:45:20,12:38:07,2026/286,7.2 min,5.5°,NE→NW,YES,UHF,False,#b88df7,passes_manual.pkl,False
AEPEX,FAIRBANKS,UAF,UAF UHF,FAIRBANKS,2026-10-13T18:50:33.955004+00:00,2026-10-13T18:57:48.368431+00:00,2026/286-18:50:33,2026/286-18:57:48,18:50:33,18:57:48,12:50:33,2026/286,7.2 min,5.5°,NE→NW,YES,UHF,False,#ff5050,passes_manual.pkl,False
CANVAS,FAIRBANKS,UAF,UAF DELETED,FAIRBANKS,2026-10-13T18:57:10.867620+00:00,2026-10-13T19:08:15.558814+00:00,2026/286-18:57:10,2026/286-19:08:15,18:57:10,19:08:15,12:57:10,2026/286,11.1 min,34.5°,SW→E,YES,DELETED,True,#777777,passes_manual.pkl,False
CANVAS,BOULDER,LASP,LASP UHF,BOULDER,2026-10-13T19:06:11.985495+00:00,2026-10-13T19:15:08.645172+00:00,2026/286-19:06:11,2026/286-19:15:08,19:06:11,19:15:08,13:06:11,2026/286,8.9 min,9.5°,N→E,YES,UHF,False,#00d7ff,passes_manual.pkl,False
SPRITE,FAIRBANKS,UAF,UAF UHF,FAIRBANKS,2026-10-13T19:50:32.523676+00:00,2026-10-13T20:01:37.198669+00:00,2026/286-19:50:32,2026/286-20:01:37,19:50:32,20:01:37,13:50:32,2026/286,11.1 min,26.4°,N→S,YES,UHF,False,#2fd23b,passes_manual.pkl,False
COSMO,BOULDER,LASP,LASP DELETED,BOULDER,2026-10-13T20:00:27.615622+00:00,2026-10-13T20:09:22.951173+00:00,2026/286-20:00:27,2026/286-20:09:22,20:00:27,20:09:22,14:00:27,2026/286,8.9 min,10.3°,SE→N,YES,DELETED,True,#777777,passes_manual.pkl,False
COSMO,FAIRBANKS,UAF,UAF DELETED,FAIRBANKS,2026-10-13T20:09:45.627021+00:00,2026-10-13T20:18:14.490643+00:00,2026/286-20:09:45,2026/286-20:18:14,20:09:45,20:18:14,14:09:45,2026/286,8.5 min,8.7°,E→NW,YES,DELETED,True,#777777,passes_manual.pkl,False
AEPEX,BOULDER,LASP,LASP UHF,BOULDER,2026-10-13T20:12:35.726160+00:00,2026-10-13T20:22:15.624461+00:00,2026/286-20:12:35,2026/286-20:22:15,20:12:35,20:22:15,14:12:35,2026/286,9.7 min,14.0°,SE→N,YES,UHF,False,#ff5050,passes_manual.pkl,False
AEPEX,FAIRBANKS,UAF,UAF DELETED,FAIRBANKS,2026-10-13T20:22:06.119369+00:00,2026-10-13T20:30:49.033900+00:00,2026/286-20:22:06,2026/286-20:30:49,20:22:06,20:30:49,14:22:06,2026/286,8.7 min,9.5°,E→N,YES,DELETED,True,#777777,passes_manual.pkl,False
CANVAS,FAIRBANKS,UAF,UAF DELETED,FAIRBANKS,2026-10-13T20:34:08.370518+00:00,2026-10-13T20:45:10.170019+00:00,2026/286-20:34:08,2026/286-20:45:10,20:34:08,20:45:10,14:34:08,2026/286,11.0 min,33.3°,W→SE,YES,DELETED,True,#777777,passes_manual.pkl,False
CANVAS,BOULDER,LASP,LASP UHF+SBD,BOULDER,2026-10-13T20:43:04.508249+00:00,2026-10-13T20:54:28.021446+00:00,2026/286-20:43:04,2026/286-20:54:28,20:43:04,20:54:28,14:43:04,2026/286,11.4 min,64.6°,NW→SE,YES,UHF+SBD,False,#00d7ff,passes_manual.pkl,False
SPRITE,FAIRBANKS,UAF,UAF UHF,FAIRBANKS,2026-10-13T21:24:35.495083+00:00,2026-10-13T21:36:11.223274+00:00,2026/286-21:24:35,2026/286-21:36:11,21:24:35,21:36:11,15:24:35,2026/286,11.6 min,64.5°,N→SW,YES,UHF,False,#2fd23b,passes_manual.pkl,False
COSMO,BOULDER,LASP,LASP UHF,BOULDER,2026-10-13T21:32:37.297516+00:00,2026-10-13T21:44:01.062086+00:00,2026/286-21:32:37,2026/286-21:44:01,21:32:37,21:44:01,15:32:37,2026/286,11.4 min,50.8°,S→N,YES,UHF,False,#b88df7,passes_manual.pkl,False
COSMO,FAIRBANKS,UAF,UAF DELETED,FAIRBANKS,2026-10-13T21:41:28.074984+00:00,2026-10-13T21:51:57.508865+00:00,2026/286-21:41:28,2026/286-21:51:57,21:41:28,21:51:57,15:41:28,2026/286,10.5 min,20.7°,E→N,YES,DELETED,True,#777777,passes_manual.pkl,False
AEPEX,BOULDER,LASP,LASP SBD,BOULDER,2026-10-13T21:45:20.656583+00:00,2026-10-13T21:56:32.647995+00:00,2026/286-21:45:20,2026/286-21:56:32,21:45:20,21:56:32,15:45:20,2026/286,11.2 min,35.7°,S→N,YES,SBD,False,#ff5050,passes_manual.pkl,False
AEPEX,FAIRBANKS,UAF,UAF DELETED,FAIRBANKS,2026-10-13T21:53:52.563643+00:00,2026-10-13T22:04:33.771344+00:00,2026/286-21:53:52,2026/286-22:04:33,21:53:52,22:04:33,15:53:52,2026/286,10.7 min,23.5°,SE→N,YES,DELETED,True,#777777,passes_manual.pkl,False
CANVAS,FAIRBANKS,UAF,UAF DELETED,FAIRBANKS,2026-10-13T22:11:16.286094+00:00,2026-10-13T22:21:29.107281+00:00,2026/286-22:11:16,2026/286-22:21:29,22:11:16,22:21:29,16:11:16,2026/286,10.2 min,18.4°,W→SE,YES,DELETED,True,#777777,passes_manual.pkl,False
CANVAS,BOULDER,LASP,LASP UHF,BOULDER,2026-10-13T22:21:17.215634+00:00,2026-10-13T22:30:04.865254+00:00,2026/286-22:21:17,2026/286-22:30:04,22:21:17,22:30:04,16:21:17,2026/286,8.8 min,9.7°,NW→S,YES,UHF,False,#00d7ff,passes_manual.pkl,False
SPRITE,FAIRBANKS,UAF,UAF UHF,FAIRBANKS,2026-10-13T22:58:40.206646+00:00,2026-10-13T23:08:59.995536+00:00,2026/286-22:58:40,2026/286-23:08:59,22:58:40,23:08:59,16:58:40,2026/286,10.3 min,18.5°,N→W,YES,UHF,False,#2fd23b,passes_manual.pkl,False
COSMO,BOULDER,LASP,LASP DELETED,BOULDER,2026-10-13T23:11:30.237662+00:00,2026-10-13T23:14:20.454454+00:00,2026/286-23:11:30,2026/286-23:14:20,23:11:30,23:14:20,17:11:30,2026/286,2.8 min,0.6°,W→W,YES,DELETED,True,#777777,passes_manual.pkl,False
COSMO,FAIRBANKS,UAF,UAF DELETED,FAIRBANKS,2026-10-13T23:14:21.319531+00:00,2026-10-13T23:25:56.097472+00:00,2026/286-23:14:21,2026/286-23:25:56,23:14:21,23:25:56,17:14:21,2026/286,11.6 min,78.0°,SE→N,YES,DELETED,True,#777777,passes_manual.pkl,False
AEPEX,FAIRBANKS,UAF,UAF UHF,FAIRBANKS,2026-10-13T23:26:55.413800+00:00,2026-10-13T23:38:31.228622+00:00,2026/286-23:26:55,2026/286-23:38:31,23:26:55,23:38:31,17:26:55,2026/286,11.6 min,87.1°,S→N,YES,UHF,False,#ff5050,passes_manual.pkl,False
CANVAS,FAIRBANKS,UAF,UAF UHF,FAIRBANKS,2026-10-13T23:48:56.677875+00:00,2026-10-13T23:56:11.703851+00:00,2026/286-23:48:56,2026/286-23:56:11,23:48:56,23:56:11,17:48:56,2026/286,7.3 min,5.5°,W→S,YES,UHF,False,#00d7ff,passes_manual.pkl,False
SPRITE,FAIRBANKS,UAF,UAF UHF,FAIRBANKS,2026-10-14T00:32:26.097293+00:00,2026-10-14T00:40:43.952019+00:00,2026/287-00:32:26,2026/287-00:40:43,00:32:26,00:40:43,18:32:26,2026/287,8.3 min,8.0°,NE→W,YES,UHF,False,#2fd23b,passes_manual.pkl,False
COSMO,FAIRBANKS,UAF,UAF UHF,FAIRBANKS,2026-10-14T00:49:03.790757+00:00,2026-10-14T00:59:50.407632+00:00,2026/287-00:49:03,2026/287-00:59:50,00:49:03,00:59:50,18:49:03,2026/287,10.8 min,22.1°,S→N,YES,UHF,False,#b88df7,passes_manual.pkl,False
AEPEX,FAIRBANKS,UAF,UAF DELETED,FAIRBANKS,2026-10-14T01:01:51.658329+00:00,2026-10-14T01:12:21.910347+00:00,2026/287-01:01:51,2026/287-01:12:21,01:01:51,01:12:21,19:01:51,2026/287,10.5 min,18.7°,SW→N,YES,DELETED,True,#777777,passes_manual.pkl,False
SPRITE,FAIRBANKS,UAF,UAF UHF,FAIRBANKS,2026-10-14T02:05:17.982762+00:00,2026-10-14T02:12:33.624338+00:00,2026/287-02:05:17,2026/287-02:12:33,02:05:17,02:12:33,20:05:17,2026/287,7.3 min,5.5°,NE→NW,YES,UHF,False,#2fd23b,passes_manual.pkl,False
COSMO,FAIRBANKS,UAF,UAF UHF,FAIRBANKS,2026-10-14T02:26:27.342610+00:00,2026-10-14T02:33:03.929268+00:00,2026/287-02:26:27,2026/287-02:33:03,02:26:27,02:33:03,20:26:27,2026/287,6.6 min,4.0°,W→NW,YES,UHF,False,#b88df7,passes_manual.pkl,False
AEPEX,FAIRBANKS,UAF,UAF UHF,FAIRBANKS,2026-10-14T02:39:42.700594+00:00,2026-10-14T02:45:20.034748+00:00,2026/287-02:39:42,2026/287-02:45:20,02:39:42,02:45:20,20:39:42,2026/287,5.6 min,2.7°,W→NW,YES,UHF,False,#ff5050,passes_manual.pkl,False
SPRITE,BOULDER,LASP,LASP UHF,BOULDER,2026-10-14T03:27:47.503979+00:00,2026-10-14T03:36:35.792563+00:00,2026/287-03:27:47,2026/287-03:36:35,03:27:47,03:36:35,21:27:47,2026/287,8.8 min,9.7°,SE→N,NO,UHF,False,#2fd23b,passes_manual.pkl,False
SPRITE,FAIRBANKS,UAF,UAF DELETED,FAIRBANKS,2026-10-14T03:37:03.471247+00:00,2026-10-14T03:45:32.088942+00:00,2026/287-03:37:03,2026/287-03:45:32,03:37:03,03:45:32,21:37:03,2026/287,8.5 min,8.5°,E→NW,NO,DELETED,True,#777777,passes_manual.pkl,False
SPRITE,BOULDER,LASP,LASP UHF,BOULDER,2026-10-14T04:59:53.519474+00:00,2026-10-14T05:11:25.998647+00:00,2026/287-04:59:53,2026/287-05:11:25,04:59:53,05:11:25,22:59:53,2026/287,11.5 min,56.7°,S→N,NO,UHF,False,#2fd23b,passes_manual.pkl,False
SPRITE,FAIRBANKS,UAF,UAF DELETED,FAIRBANKS,2026-10-14T05:08:50.833708+00:00,2026-10-14T05:19:20.901274+00:00,2026/287-05:08:50,2026/287-05:19:20,05:08:50,05:19:20,23:08:50,2026/287,10.5 min,20.2°,E→N,NO,DELETED,True,#777777,passes_manual.pkl,False
SPRITE,BOULDER,LASP,LASP DELETED,BOULDER,2026-10-14T06:38:15.549348+00:00,2026-10-14T06:42:25.385199+00:00,2026/287-06:38:15,2026/287-06:42:25,06:38:15,06:42:25,00:38:15,2026/287,4.2 min,1.4°,W→NW,NO,DELETED,True,#777777,passes_manual.pkl,False
SPRITE,FAIRBANKS,UAF,UAF DELETED,FAIRBANKS,2026-10-14T06:41:47.625895+00:00,2026-10-14T06:53:26.219771+00:00,2026/287-06:41:47,2026/287-06:53:26,06:41:47,06:53:26,00:41:47,2026/287,11.6 min,74.3°,SE→N,NO,DELETED,True,#777777,passes_manual.pkl,False
SPRITE,FAIRBANKS,UAF,UAF UHF,FAIRBANKS,2026-10-14T08:16:32.766083+00:00,2026-10-14T08:27:28.080483+00:00,2026/287-08:16:32,2026/287-08:27:28,08:16:32,08:27:28,02:16:32,2026/287,10.9 min,23.3°,S→N,NO,UHF,False,#2fd23b,passes_manual.pkl,False
COSMO,BOULDER,LASP,LASP DELETED,BOULDER,2026-10-14T09:03:34.687077+00:00,2026-10-14T09:13:31.100657+00:00,2026/287-09:03:34,2026/287-09:13:31,09:03:34,09:13:31,03:03:34,2026/287,9.9 min,14.3°,NE→SE,NO,DELETED,True,#777777,passes_manual.pkl,False
AEPEX,BOULDER,LASP,LASP UHF+SBD,BOULDER,2026-10-14T09:15:46.736229+00:00,2026-10-14T09:26:16.051718+00:00,2026/287-09:15:46,2026/287-09:26:16,09:15:46,09:26:16,03:15:46,2026/287,10.5 min,19.3°,NE→S,NO,UHF+SBD,False,#ff5050,passes_manual.pkl,False
SPRITE,FAIRBANKS,UAF,UAF UHF,FAIRBANKS,2026-10-14T09:53:55.691184+00:00,2026-10-14T10:00:52.433866+00:00,2026/287-09:53:55,2026/287-10:00:52,09:53:55,10:00:52,03:53:55,2026/287,6.9 min,4.4°,W→NW,NO,UHF,False,#2fd23b,passes_manual.pkl,False
CANVAS,BOULDER,LASP,LASP DELETED,BOULDER,2026-10-14T10:31:10.110369+00:00,2026-10-14T10:33:38.076582+00:00,2026/287-10:31:10,2026/287-10:33:38,10:31:10,10:33:38,04:31:10,2026/287,2.5 min,0.5°,SE→E,YES,DELETED,True,#777777,passes_manual.pkl,False
COSMO,FAIRBANKS,UAF,UAF DELETED,FAIRBANKS,2026-10-14T10:32:46.359332+00:00,2026-10-14T10:39:13.001492+00:00,2026/287-10:32:46,2026/287-10:39:13,10:32:46,10:39:13,04:32:46,2026/287,6.4 min,3.7°,NE→E,YES,DELETED,True,#777777,passes_manual.pkl,False
COSMO,BOULDER,LASP,LASP UHF,BOULDER,2026-10-14T10:36:56.547688+00:00,2026-10-14T10:48:05.003561+00:00,2026/287-10:36:56,2026/287-10:48:05,10:36:56,10:48:05,04:36:56,2026/287,11.1 min,33.7°,N→SW,YES,UHF,False,#b88df7,passes_manual.pkl,False
AEPEX,FAIRBANKS,UAF,UAF DELETED,FAIRBANKS,2026-10-14T10:44:59.175505+00:00,2026-10-14T10:52:13.179436+00:00,2026/287-10:44:59,2026/287-10:52:13,10:44:59,10:52:13,04:44:59,2026/287,7.2 min,5.0°,NE→E,YES,DELETED,True,#777777,passes_manual.pkl,False
AEPEX,BOULDER,LASP,LASP SBD,BOULDER,2026-10-14T10:49:26.584040+00:00,2026-10-14T11:00:12.056573+00:00,2026/287-10:49:26,2026/287-11:00:12,10:49:26,11:00:12,04:49:26,2026/287,10.8 min,24.9°,N→SW,YES,SBD,False,#ff5050,passes_manual.pkl,False
CANVAS,BOULDER,LASP,LASP UHF+SBD,BOULDER,2026-10-14T12:03:12.408191+00:00,2026-10-14T12:14:28.893298+00:00,2026/287-12:03:12,2026/287-12:14:28,12:03:12,12:14:28,06:03:12,2026/287,11.3 min,39.4°,S→NE,YES,UHF+SBD,False,#00d7ff,passes_manual.pkl,False
COSMO,FAIRBANKS,UAF,UAF DELETED,FAIRBANKS,2026-10-14T12:05:57.383243+00:00,2026-10-14T12:16:43.241396+00:00,2026/287-12:05:57,2026/287-12:16:43,12:05:57,12:16:43,06:05:57,2026/287,10.8 min,21.3°,N→SE,YES,DELETED,True,#777777,passes_manual.pkl,False
COSMO,BOULDER,LASP,LASP DELETED,BOULDER,2026-10-14T12:15:22.312080+00:00,2026-10-14T12:15:22.318518+00:00,2026/287-12:15:22,2026/287-12:15:22,12:15:22,12:15:22,06:15:22,2026/287,0.0 min,-0.0°,NW→NW,NO,DELETED,True,#777777,passes_manual.pkl,False
AEPEX,FAIRBANKS,UAF,UAF UHF,FAIRBANKS,2026-10-14T12:18:18.580677+00:00,2026-10-14T12:29:16.631274+00:00,2026/287-12:18:18,2026/287-12:29:16,12:18:18,12:29:16,06:18:18,2026/287,11.0 min,24.9°,N→S,YES,UHF,False,#ff5050,passes_manual.pkl,False
COSMO,FAIRBANKS,UAF,UAF UHF,FAIRBANKS,2026-10-14T13:39:51.347883+00:00,2026-10-14T13:51:29.557479+00:00,2026/287-13:39:51,2026/287-13:51:29,13:39:51,13:51:29,07:39:51,2026/287,11.6 min,82.0°,N→SW,YES,UHF,False,#b88df7,passes_manual.pkl,False
CANVAS,BOULDER,LASP,LASP UHF+SBD,BOULDER,2026-10-14T13:41:06.595619+00:00,2026-10-14T13:51:41.833520+00:00,2026/287-13:41:06,2026/287-13:51:41,13:41:06,13:51:41,07:41:06,2026/287,10.6 min,19.8°,W→NE,YES,UHF+SBD,False,#00d7ff,passes_manual.pkl,False
AEPEX,FAIRBANKS,UAF,UAF DELETED,FAIRBANKS,2026-10-14T13:52:12.463347+00:00,2026-10-14T14:03:46.714857+00:00,2026/287-13:52:12,2026/287-14:03:46,13:52:12,14:03:46,07:52:12,2026/287,11.6 min,68.4°,N→SW,YES,DELETED,True,#777777,passes_manual.pkl,False
COSMO,FAIRBANKS,UAF,UAF UHF,FAIRBANKS,2026-10-14T15:13:50.193697+00:00,2026-10-14T15:24:25.480495+00:00,2026/287-15:13:50,2026/287-15:24:25,15:13:50,15:24:25,09:13:50,2026/287,10.6 min,21.6°,N→SW,YES,UHF,False,#b88df7,passes_manual.pkl,False
CANVAS,FAIRBANKS,UAF,UAF DELETED,FAIRBANKS,2026-10-14T15:19:40.473683+00:00,2026-10-14T15:27:11.416909+00:00,2026/287-15:19:40,2026/287-15:27:11,15:19:40,15:27:11,09:19:40,2026/287,7.5 min,6.0°,S→E,YES,DELETED,True,#777777,passes_manual.pkl,False
CANVAS,BOULDER,LASP,LASP UHF,BOULDER,2026-10-14T15:21:58.390681+00:00,2026-10-14T15:28:25.938912+00:00,2026/287-15:21:58,2026/287-15:28:25,15:21:58,15:28:25,09:21:58,2026/287,6.5 min,3.7°,NW→N,YES,UHF,False,#00d7ff,passes_manual.pkl,False
AEPEX,FAIRBANKS,UAF,UAF DELETED,FAIRBANKS,2026-10-14T15:26:09.065054+00:00,2026-10-14T15:36:30.456036+00:00,2026/287-15:26:09,2026/287-15:36:30,15:26:09,15:36:30,09:26:09,2026/287,10.4 min,19.1°,N→W,YES,DELETED,True,#777777,passes_manual.pkl,False
SPRITE,BOULDER,LASP,LASP UHF,BOULDER,2026-10-14T16:31:47.446624+00:00,2026-10-14T16:41:35.883951+00:00,2026/287-16:31:47,2026/287-16:41:35,16:31:47,16:41:35,10:31:47,2026/287,9.8 min,13.5°,NE→SE,YES,UHF,False,#2fd23b,passes_manual.pkl,False
COSMO,FAIRBANKS,UAF,UAF UHF,FAIRBANKS,2026-10-14T16:47:34.337049+00:00,2026-10-14T16:56:08.896648+00:00,2026/287-16:47:34,2026/287-16:56:08,16:47:34,16:56:08,10:47:34,2026/287,8.6 min,8.9°,N→W,YES,UHF,False,#b88df7,passes_manual.pkl,False
CANVAS,FAIRBANKS,UAF,UAF DELETED,FAIRBANKS,2026-10-14T16:54:29.044425+00:00,2026-10-14T17:04:48.040931+00:00,2026/287-16:54:29,2026/287-17:04:48,16:54:29,17:04:48,10:54:29,2026/287,10.3 min,19.0°,SW→E,YES,DELETED,True,#777777,passes_manual.pkl,False
AEPEX,FAIRBANKS,UAF,UAF DELETED,FAIRBANKS,2026-10-14T16:59:48.164928+00:00,2026-10-14T17:08:07.426014+00:00,2026/287-16:59:48,2026/287-17:08:07,16:59:48,17:08:07,10:59:48,2026/287,8.3 min,8.2°,NE→W,YES,DELETED,True,#777777,passes_manual.pkl,False
CANVAS,BOULDER,LASP,LASP DELETED,BOULDER,2026-10-14T17:02:44.750542+00:00,2026-10-14T17:06:57.119571+00:00,2026/287-17:02:44,2026/287-17:06:57,17:02:44,17:06:57,11:02:44,2026/287,4.2 min,1.4°,N→NE,YES,DELETED,True,#777777,passes_manual.pkl,False
SPRITE,FAIRBANKS,UAF,UAF DELETED,FAIRBANKS,2026-10-14T18:01:03.854374+00:00,2026-10-14T18:07:22.810517+00:00,2026/287-18:01:03,2026/287-18:07:22,18:01:03,18:07:22,12:01:03,2026/287,6.3 min,3.5°,NE→E,YES,DELETED,True,#777777,passes_manual.pkl,False
SPRITE,BOULDER,LASP,LASP UHF,BOULDER,2026-10-14T18:05:12.207200+00:00,2026-10-14T18:16:23.884111+00:00,2026/287-18:05:12,2026/287-18:16:23,18:05:12,18:16:23,12:05:12,2026/287,11.2 min,35.7°,N→SW,YES,UHF,False,#2fd23b,passes_manual.pkl,False
COSMO,FAIRBANKS,UAF,UAF UHF,FAIRBANKS,2026-10-14T18:20:31.120813+00:00,2026-10-14T18:27:44.898009+00:00,2026/287-18:20:31,2026/287-18:27:44,18:20:31,18:27:44,12:20:31,2026/287,7.2 min,5.5°,NE→NW,YES,UHF,False,#b88df7,passes_manual.pkl,False
CANVAS,FAIRBANKS,UAF,UAF DELETED,FAIRBANKS,2026-10-14T18:30:50.786988+00:00,2026-10-14T18:41:54.448436+00:00,2026/287-18:30:50,2026/287-18:41:54,18:30:50,18:41:54,12:30:50,2026/287,11.1 min,33.7°,SW→E,YES,DELETED,True,#777777,passes_manual.pkl,False
AEPEX,FAIRBANKS,UAF,UAF UHF,FAIRBANKS,2026-10-14T18:32:35.182333+00:00,2026-10-14T18:39:46.685107+00:00,2026/287-18:32:35,2026/287-18:39:46,18:32:35,18:39:46,12:32:35,2026/287,7.2 min,5.4°,NE→NW,YES,UHF,False,#ff5050,passes_manual.pkl,False
CANVAS,BOULDER,LASP,LASP UHF,BOULDER,2026-10-14T18:39:52.394024+00:00,2026-10-14T18:48:30.214479+00:00,2026/287-18:39:52,2026/287-18:48:30,18:39:52,18:48:30,12:39:52,2026/287,8.6 min,8.4°,N→E,YES,UHF,False,#00d7ff,passes_manual.pkl,False
SPRITE,FAIRBANKS,UAF,UAF DELETED,FAIRBANKS,2026-10-14T19:34:20.119396+00:00,2026-10-14T19:45:04.486909+00:00,2026/287-19:34:20,2026/287-19:45:04,19:34:20,19:45:04,13:34:20,2026/287,10.7 min,20.7°,N→SE,YES,DELETED,True,#777777,passes_manual.pkl,False
SPRITE,BOULDER,LASP,LASP DELETED,BOULDER,2026-10-14T19:42:41.068029+00:00,2026-10-14T19:44:38.125252+00:00,2026/287-19:42:41,2026/287-19:44:38,19:42:41,19:44:38,13:42:41,2026/287,2.0 min,0.3°,NW→NW,YES,DELETED,True,#777777,passes_manual.pkl,False
COSMO,BOULDER,LASP,LASP DELETED,BOULDER,2026-10-14T19:43:33.437924+00:00,2026-10-14T19:50:54.126547+00:00,2026/287-19:43:33,2026/287-19:50:54,19:43:33,19:50:54,13:43:33,2026/287,7.3 min,5.8°,E→N,YES,DELETED,True,#777777,passes_manual.pkl,False
COSMO,FAIRBANKS,UAF,UAF DELETED,FAIRBANKS,2026-10-14T19:52:17.897876+00:00,2026-10-14T20:00:24.984261+00:00,2026/287-19:52:17,2026/287-20:00:24,19:52:17,20:00:24,13:52:17,2026/287,8.1 min,7.6°,NE→NW,YES,DELETED,True,#777777,passes_manual.pkl,False
AEPEX,BOULDER,LASP,LASP UHF,BOULDER,2026-10-14T19:55:06.936912+00:00,2026-10-14T20:03:29.252822+00:00,2026/287-19:55:06,2026/287-20:03:29,19:55:06,20:03:29,13:55:06,2026/287,8.4 min,8.4°,E→N,YES,UHF,False,#ff5050,passes_manual.pkl,False
AEPEX,FAIRBANKS,UAF,UAF DELETED,FAIRBANKS,2026-10-14T20:04:14.496117+00:00,2026-10-14T20:12:33.879252+00:00,2026/287-20:04:14,2026/287-20:12:33,20:04:14,20:12:33,14:04:14,2026/287,8.3 min,8.2°,E→NW,YES,DELETED,True,#777777,passes_manual.pkl,False
CANVAS,FAIRBANKS,UAF,UAF DELETED,FAIRBANKS,2026-10-14T20:07:47.024821+00:00,2026-10-14T20:18:50.257984+00:00,2026/287-20:07:47,2026/287-20:18:50,20:07:47,20:18:50,14:07:47,2026/287,11.1 min,34.1°,W→SE,YES,DELETED,True,#777777,passes_manual.pkl,False
CANVAS,BOULDER,LASP,LASP UHF+SBD,BOULDER,2026-10-14T20:16:42.647967+00:00,2026-10-14T20:28:03.033548+00:00,2026/287-20:16:42,2026/287-20:28:03,20:16:42,20:28:03,14:16:42,2026/287,11.3 min,53.1°,NW→SE,YES,UHF+SBD,False,#00d7ff,passes_manual.pkl,False
SPRITE,FAIRBANKS,UAF,UAF UHF,FAIRBANKS,2026-10-14T21:08:20.717921+00:00,2026-10-14T21:20:00.189051+00:00,2026/287-21:08:20,2026/287-21:20:00,21:08:20,21:20:00,15:08:20,2026/287,11.7 min,84.2°,N→SW,YES,UHF,False,#2fd23b,passes_manual.pkl,False
COSMO,BOULDER,LASP,LASP UHF,BOULDER,2026-10-14T21:14:38.415157+00:00,2026-10-14T21:26:08.216488+00:00,2026/287-21:14:38,2026/287-21:26:08,21:14:38,21:26:08,15:14:38,2026/287,11.5 min,89.2°,S→N,YES,UHF,False,#b88df7,passes_manual.pkl,False
COSMO,FAIRBANKS,UAF,UAF DELETED,FAIRBANKS,2026-10-14T21:23:53.144640+00:00,2026-10-14T21:34:01.696380+00:00,2026/287-21:23:53,2026/287-21:34:01,21:23:53,21:34:01,15:23:53,2026/287,10.1 min,17.2°,E→N,YES,DELETED,True,#777777,passes_manual.pkl,False
AEPEX,BOULDER,LASP,LASP SBD,BOULDER,2026-10-14T21:26:50.493270+00:00,2026-10-14T21:38:18.871848+00:00,2026/287-21:26:50,2026/287-21:38:18,21:26:50,21:38:18,15:26:50,2026/287,11.5 min,64.5°,S→N,YES,SBD,False,#ff5050,passes_manual.pkl,False
AEPEX,FAIRBANKS,UAF,UAF DELETED,FAIRBANKS,2026-10-14T21:35:52.021833+00:00,2026-10-14T21:46:13.053810+00:00,2026/287-21:35:52,2026/287-21:46:13,21:35:52,21:46:13,15:35:52,2026/287,10.4 min,19.2°,E→N,YES,DELETED,True,#777777,passes_manual.pkl,False
CANVAS,FAIRBANKS,UAF,UAF DELETED,FAIRBANKS,2026-10-14T21:44:54.100282+00:00,2026-10-14T21:55:13.314056+00:00,2026/287-21:44:54,2026/287-21:55:13,21:44:54,21:55:13,15:44:54,2026/287,10.3 min,19.5°,W→SE,YES,DELETED,True,#777777,passes_manual.pkl,False
CANVAS,BOULDER,LASP,LASP UHF,BOULDER,2026-10-14T21:54:43.773986+00:00,2026-10-14T22:04:01.264296+00:00,2026/287-21:54:43,2026/287-22:04:01,21:54:43,22:04:01,15:54:43,2026/287,9.3 min,11.8°,NW→S,YES,UHF,False,#00d7ff,passes_manual.pkl,False
SPRITE,FAIRBANKS,UAF,UAF UHF,FAIRBANKS,2026-10-14T22:42:26.397596+00:00,2026-10-14T22:53:04.688233+00:00,2026/287-22:42:26,2026/287-22:53:04,22:42:26,22:53:04,16:42:26,2026/287,10.6 min,22.0°,N→SW,YES,UHF,False,#2fd23b,passes_manual.pkl,False
COSMO,BOULDER,LASP,LASP UHF,BOULDER,2026-10-14T22:51:19.180785+00:00,2026-10-14T22:58:11.331087+00:00,2026/287-22:51:19,2026/287-22:58:11,22:51:19,22:58:11,16:51:19,2026/287,6.9 min,4.5°,SW→NW,YES,UHF,False,#b88df7,passes_manual.pkl,False
COSMO,FAIRBANKS,UAF,UAF DELETED,FAIRBANKS,2026-10-14T22:56:29.353625+00:00,2026-10-14T23:07:58.949449+00:00,2026/287-22:56:29,2026/287-23:07:58,22:56:29,23:07:58,16:56:29,2026/287,11.5 min,57.7°,SE→N,YES,DELETED,True,#777777,passes_manual.pkl,False
AEPEX,BOULDER,LASP,LASP UHF,BOULDER,2026-10-14T23:04:34.122410+00:00,2026-10-14T23:09:32.744720+00:00,2026/287-23:04:34,2026/287-23:09:32,23:04:34,23:09:32,17:04:34,2026/287,5.0 min,2.1°,W→NW,YES,UHF,False,#ff5050,passes_manual.pkl,False
AEPEX,FAIRBANKS,UAF,UAF DELETED,FAIRBANKS,2026-10-14T23:08:36.628186+00:00,2026-10-14T23:20:09.595613+00:00,2026/287-23:08:36,2026/287-23:20:09,23:08:36,23:20:09,17:08:36,2026/287,11.5 min,69.2°,SE→N,YES,DELETED,True,#777777,passes_manual.pkl,False
CANVAS,FAIRBANKS,UAF,UAF UHF,FAIRBANKS,2026-10-14T23:22:29.281900+00:00,2026-10-14T23:30:06.855705+00:00,2026/287-23:22:29,2026/287-23:30:06,23:22:29,23:30:06,17:22:29,2026/287,7.6 min,6.3°,W→S,YES,UHF,False,#00d7ff,passes_manual.pkl,False
SPRITE,FAIRBANKS,UAF,UAF UHF,FAIRBANKS,2026-10-15T00:16:17.530799+00:00,2026-10-15T00:24:55.786808+00:00,2026/288-00:16:17,2026/288-00:24:55,00:16:17,00:24:55,18:16:17,2026/288,8.6 min,9.1°,N→W,YES,UHF,False,#2fd23b,passes_manual.pkl,False
COSMO,FAIRBANKS,UAF,UAF UHF,FAIRBANKS,2026-10-15T00:30:48.200535+00:00,2026-10-15T00:41:55.556530+00:00,2026/288-00:30:48,2026/288-00:41:55,00:30:48,00:41:55,18:30:48,2026/288,11.1 min,29.0°,S→N,YES,UHF,False,#b88df7,passes_manual.pkl,False
AEPEX,FAIRBANKS,UAF,UAF DELETED,FAIRBANKS,2026-10-15T00:43:07.807912+00:00,2026-10-15T00:54:03.274569+00:00,2026/288-00:43:07,2026/288-00:54:03,00:43:07,00:54:03,18:43:07,2026/288,10.9 min,24.6°,S→N,YES,DELETED,True,#777777,passes_manual.pkl,False
SPRITE,FAIRBANKS,UAF,UAF UHF,FAIRBANKS,2026-10-15T01:49:21.584426+00:00,2026-10-15T01:56:38.250126+00:00,2026/288-01:49:21,2026/288-01:56:38,01:49:21,01:56:38,19:49:21,2026/288,7.3 min,5.5°,NE→NW,YES,UHF,False,#2fd23b,passes_manual.pkl,False
COSMO,FAIRBANKS,UAF,UAF UHF,FAIRBANKS,2026-10-15T02:07:32.605428+00:00,2026-10-15T02:15:23.752980+00:00,2026/288-02:07:32,2026/288-02:15:23,02:07:32,02:15:23,20:07:32,2026/288,7.9 min,6.2°,SW→NW,YES,UHF,False,#b88df7,passes_manual.pkl,False
AEPEX,FAIRBANKS,UAF,UAF UHF,FAIRBANKS,2026-10-15T02:20:13.153800+00:00,2026-10-15T02:27:21.726548+00:00,2026/288-02:20:13,2026/288-02:27:21,02:20:13,02:27:21,20:20:13,2026/288,7.1 min,4.8°,W→NW,YES,UHF,False,#ff5050,passes_manual.pkl,False
SPRITE,BOULDER,LASP,LASP UHF,BOULDER,2026-10-15T03:12:31.636504+00:00,2026-10-15T03:19:50.900919+00:00,2026/288-03:12:31,2026/288-03:19:50,03:12:31,03:19:50,21:12:31,2026/288,7.3 min,5.6°,E→N,NO,UHF,False,#2fd23b,passes_manual.pkl,False
SPRITE,FAIRBANKS,UAF,UAF DELETED,FAIRBANKS,2026-10-15T03:21:15.339194+00:00,2026-10-15T03:29:24.141076+00:00,2026/288-03:21:15,2026/288-03:29:24,03:21:15,03:29:24,21:21:15,2026/288,8.1 min,7.6°,NE→NW,NO,DELETED,True,#777777,passes_manual.pkl,False
SPRITE,BOULDER,LASP,LASP UHF,BOULDER,2026-10-15T04:43:38.419229+00:00,2026-10-15T04:55:14.269949+00:00,2026/288-04:43:38,2026/288-04:55:14,04:43:38,04:55:14,22:43:38,2026/288,11.6 min,85.8°,S→N,NO,UHF,False,#2fd23b,passes_manual.pkl,False
SPRITE,FAIRBANKS,UAF,UAF DELETED,FAIRBANKS,2026-10-15T04:52:56.487617+00:00,2026-10-15T05:03:07.178365+00:00,2026/288-04:52:56,2026/288-05:03:07,04:52:56,05:03:07,22:52:56,2026/288,10.2 min,17.1°,E→N,NO,DELETED,True,#777777,passes_manual.pkl,False
SPRITE,BOULDER,LASP,LASP UHF,BOULDER,2026-10-15T06:20:18.222207+00:00,2026-10-15T06:27:30.244184+00:00,2026/288-06:20:18,2026/288-06:27:30,06:20:18,06:27:30,00:20:18,2026/288,7.2 min,5.0°,SW→NW,NO,UHF,False,#2fd23b,passes_manual.pkl,False
SPRITE,FAIRBANKS,UAF,UAF DELETED,FAIRBANKS,2026-10-15T06:25:38.042811+00:00,2026-10-15T06:37:11.228426+00:00,2026/288-06:25:38,2026/288-06:37:11,06:25:38,06:37:11,00:25:38,2026/288,11.6 min,56.7°,SE→N,NO,DELETED,True,#777777,passes_manual.pkl,False
SPRITE,FAIRBANKS,UAF,UAF UHF,FAIRBANKS,2026-10-15T08:00:02.009081+00:00,2026-10-15T08:11:15.052906+00:00,2026/288-08:00:02,2026/288-08:11:15,08:00:02,08:11:15,02:00:02,2026/288,11.2 min,29.8°,S→N,NO,UHF,False,#2fd23b,passes_manual.pkl,False
COSMO,BOULDER,LASP,LASP DELETED,BOULDER,2026-10-15T08:46:10.468296+00:00,2026-10-15T08:54:44.501539+00:00,2026/288-08:46:10,2026/288-08:54:44,08:46:10,08:54:44,02:46:10,2026/288,8.6 min,8.3°,NE→SE,NO,DELETED,True,#777777,passes_manual.pkl,False
AEPEX,BOULDER,LASP,LASP UHF,BOULDER,2026-10-15T08:57:50.977206+00:00,2026-10-15T09:07:15.335337+00:00,2026/288-08:57:50,2026/288-09:07:15,08:57:50,09:07:15,02:57:50,2026/288,9.4 min,11.5°,NE→SE,NO,UHF,False,#ff5050,passes_manual.pkl,False
SPRITE,FAIRBANKS,UAF,UAF UHF,FAIRBANKS,2026-10-15T09:36:50.652012+00:00,2026-10-15T09:44:51.655225+00:00,2026/288-09:36:50,2026/288-09:44:51,09:36:50,09:44:51,03:36:50,2026/288,8.0 min,6.5°,SW→NW,NO,UHF,False,#2fd23b,passes_manual.pkl,False
COSMO,FAIRBANKS,UAF,UAF DELETED,FAIRBANKS,2026-10-15T10:15:19.122821+00:00,2026-10-15T10:19:58.717204+00:00,2026/288-10:15:19,2026/288-10:19:58,10:15:19,10:19:58,04:15:19,2026/288,4.7 min,1.8°,NE→E,YES,DELETED,True,#777777,passes_manual.pkl,False
COSMO,BOULDER,LASP,LASP UHF,BOULDER,2026-10-15T10:18:54.124820+00:00,2026-10-15T10:30:23.803708+00:00,2026/288-10:18:54,2026/288-10:30:23,10:18:54,10:30:23,04:18:54,2026/288,11.5 min,58.3°,N→S,YES,UHF,False,#b88df7,passes_manual.pkl,False
AEPEX,FAIRBANKS,UAF,UAF DELETED,FAIRBANKS,2026-10-15T10:26:59.804082+00:00,2026-10-15T10:32:44.516787+00:00,2026/288-10:26:59,2026/288-10:32:44,10:26:59,10:32:44,04:26:59,2026/288,5.7 min,2.8°,NE→E,YES,DELETED,True,#777777,passes_manual.pkl,False
AEPEX,BOULDER,LASP,LASP SBD,BOULDER,2026-10-15T10:30:56.525077+00:00,2026-10-15T10:42:13.407177+00:00,2026/288-10:30:56,2026/288-10:42:13,10:30:56,10:42:13,04:30:56,2026/288,11.3 min,41.6°,N→SW,YES,SBD,False,#ff5050,passes_manual.pkl,False
CANVAS,BOULDER,LASP,LASP UHF+SBD,BOULDER,2026-10-15T11:36:55.566229+00:00,2026-10-15T11:48:03.090107+00:00,2026/288-11:36:55,2026/288-11:48:03,11:36:55,11:48:03,05:36:55,2026/288,11.1 min,32.6°,S→NE,NO,UHF+SBD,False,#00d7ff,passes_manual.pkl,False
COSMO,FAIRBANKS,UAF,UAF DELETED,FAIRBANKS,2026-10-15T11:48:03.202601+00:00,2026-10-15T11:58:20.894006+00:00,2026/288-11:48:03,2026/288-11:58:20,11:48:03,11:58:20,05:48:03,2026/288,10.3 min,16.3°,NE→SE,YES,DELETED,True,#777777,passes_manual.pkl,False
COSMO,BOULDER,LASP,LASP UHF,BOULDER,2026-10-15T11:54:43.866582+00:00,2026-10-15T12:00:30.555980+00:00,2026/288-11:54:43,2026/288-12:00:30,11:54:43,12:00:30,05:54:43,2026/288,5.8 min,3.1°,NW→W,NO,UHF,False,#b88df7,passes_manual.pkl,False
AEPEX,FAIRBANKS,UAF,UAF DELETED,FAIRBANKS,2026-10-15T11:59:59.517212+00:00,2026-10-15T12:10:32.869199+00:00,2026/288-11:59:59,2026/288-12:10:32,11:59:59,12:10:32,05:59:59,2026/288,10.6 min,19.0°,N→SE,YES,DELETED,True,#777777,passes_manual.pkl,False
AEPEX,BOULDER,LASP,LASP DELETED,BOULDER,2026-10-15T12:07:31.959742+00:00,2026-10-15T12:11:13.602164+00:00,2026/288-12:07:31,2026/288-12:11:13,12:07:31,12:11:13,06:07:31,2026/288,3.7 min,1.2°,NW→W,NO,DELETED,True,#777777,passes_manual.pkl,False
CANVAS,BOULDER,LASP,LASP UHF+SBD,BOULDER,2026-10-15T13:14:33.830002+00:00,2026-10-15T13:25:21.116196+00:00,2026/288-13:14:33,2026/288-13:25:21,13:14:33,13:25:21,07:14:33,2026/288,10.8 min,22.6°,W→NE,YES,UHF+SBD,False,#00d7ff,passes_manual.pkl,False
COSMO,FAIRBANKS,UAF,UAF DELETED,FAIRBANKS,2026-10-15T13:21:53.582650+00:00,2026-10-15T13:33:32.519446+00:00,2026/288-13:21:53,2026/288-13:33:32,13:21:53,13:33:32,07:21:53,2026/288,11.6 min,74.2°,N→S,YES,DELETED,True,#777777,passes_manual.pkl,False
AEPEX,FAIRBANKS,UAF,UAF UHF,FAIRBANKS,2026-10-15T13:33:50.408468+00:00,2026-10-15T13:45:27.889009+00:00,2026/288-13:33:50,2026/288-13:45:27,13:33:50,13:45:27,07:33:50,2026/288,11.6 min,88.1°,N→S,YES,UHF,False,#ff5050,passes_manual.pkl,False
CANVAS,FAIRBANKS,UAF,UAF DELETED,FAIRBANKS,2026-10-15T14:53:35.736660+00:00,2026-10-15T15:00:43.169333+00:00,2026/288-14:53:35,2026/288-15:00:43,14:53:35,15:00:43,08:53:35,2026/288,7.1 min,5.2°,S→E,YES,DELETED,True,#777777,passes_manual.pkl,False
CANVAS,BOULDER,LASP,LASP UHF,BOULDER,2026-10-15T14:55:15.019166+00:00,2026-10-15T15:02:04.929711+00:00,2026/288-14:55:15,2026/288-15:02:04,14:55:15,15:02:04,08:55:15,2026/288,6.8 min,4.3°,NW→N,YES,UHF,False,#00d7ff,passes_manual.pkl,False
COSMO,FAIRBANKS,UAF,UAF UHF,FAIRBANKS,2026-10-15T14:55:52.844642+00:00,2026-10-15T15:06:46.899585+00:00,2026/288-14:55:52,2026/288-15:06:46,14:55:52,15:06:46,08:55:52,2026/288,10.9 min,26.5°,N→SW,YES,UHF,False,#b88df7,passes_manual.pkl,False
AEPEX,FAIRBANKS,UAF,UAF DELETED,FAIRBANKS,2026-10-15T15:07:47.847045+00:00,2026-10-15T15:18:29.755037+00:00,2026/288-15:07:47,2026/288-15:18:29,15:07:47,15:18:29,09:07:47,2026/288,10.7 min,23.4°,N→SW,YES,DELETED,True,#777777,passes_manual.pkl,False
SPRITE,BOULDER,LASP,LASP UHF,BOULDER,2026-10-15T16:16:03.501475+00:00,2026-10-15T16:24:35.230207+00:00,2026/288-16:16:03,2026/288-16:24:35,16:16:03,16:24:35,10:16:03,2026/288,8.5 min,8.1°,NE→SE,YES,UHF,False,#2fd23b,passes_manual.pkl,False
CANVAS,FAIRBANKS,UAF,UAF DELETED,FAIRBANKS,2026-10-15T16:28:12.752304+00:00,2026-10-15T16:38:25.295640+00:00,2026/288-16:28:12,2026/288-16:38:25,16:28:12,16:38:25,10:28:12,2026/288,10.2 min,17.9°,SW→E,YES,DELETED,True,#777777,passes_manual.pkl,False
COSMO,FAIRBANKS,UAF,UAF UHF,FAIRBANKS,2026-10-15T16:29:41.634760+00:00,2026-10-15T16:38:40.259990+00:00,2026/288-16:29:41,2026/288-16:38:40,16:29:41,16:38:40,10:29:41,2026/288,9.0 min,10.4°,N→W,YES,UHF,False,#b88df7,passes_manual.pkl,False
CANVAS,BOULDER,LASP,LASP DELETED,BOULDER,2026-10-15T16:36:15.970579+00:00,2026-10-15T16:40:17.954454+00:00,2026/288-16:36:15,2026/288-16:40:17,16:36:15,16:40:17,10:36:15,2026/288,4.0 min,1.3°,N→NE,YES,DELETED,True,#777777,passes_manual.pkl,False
AEPEX,FAIRBANKS,UAF,UAF DELETED,FAIRBANKS,2026-10-15T16:41:32.441349+00:00,2026-10-15T16:50:15.512375+00:00,2026/288-16:41:32,2026/288-16:50:15,16:41:32,16:50:15,10:41:32,2026/288,8.7 min,9.4°,N→W,YES,DELETED,True,#777777,passes_manual.pkl,False
SPRITE,FAIRBANKS,UAF,UAF DELETED,FAIRBANKS,2026-10-15T17:45:16.904191+00:00,2026-10-15T17:49:57.549114+00:00,2026/288-17:45:16,2026/288-17:49:57,17:45:16,17:49:57,11:45:16,2026/288,4.7 min,1.8°,NE→E,YES,DELETED,True,#777777,passes_manual.pkl,False
SPRITE,BOULDER,LASP,LASP UHF,BOULDER,2026-10-15T17:48:53.132176+00:00,2026-10-15T18:00:23.053629+00:00,2026/288-17:48:53,2026/288-18:00:23,17:48:53,18:00:23,11:48:53,2026/288,11.5 min,58.8°,N→S,YES,UHF,False,#2fd23b,passes_manual.pkl,False
COSMO,FAIRBANKS,UAF,UAF UHF,FAIRBANKS,2026-10-15T18:02:50.637852+00:00,2026-10-15T18:10:10.989542+00:00,2026/288-18:02:50,2026/288-18:10:10,18:02:50,18:10:10,12:02:50,2026/288,7.3 min,5.7°,NE→NW,YES,UHF,False,#b88df7,passes_manual.pkl,False
CANVAS,FAIRBANKS,UAF,UAF DELETED,FAIRBANKS,2026-10-15T18:04:30.075721+00:00,2026-10-15T18:15:32.508921+00:00,2026/288-18:04:30,2026/288-18:15:32,18:04:30,18:15:32,12:04:30,2026/288,11.0 min,32.9°,SW→E,YES,DELETED,True,#777777,passes_manual.pkl,False
CANVAS,BOULDER,LASP,LASP UHF,BOULDER,2026-10-15T18:13:31.986527+00:00,2026-10-15T18:21:50.168238+00:00,2026/288-18:13:31,2026/288-18:21:50,18:13:31,18:21:50,12:13:31,2026/288,8.3 min,7.4°,N→E,YES,UHF,False,#00d7ff,passes_manual.pkl,False
AEPEX,FAIRBANKS,UAF,UAF UHF,FAIRBANKS,2026-10-15T18:14:32.845765+00:00,2026-10-15T18:21:47.461362+00:00,2026/288-18:14:32,2026/288-18:21:47,18:14:32,18:21:47,12:14:32,2026/288,7.2 min,5.5°,NE→NW,YES,UHF,False,#ff5050,passes_manual.pkl,False
SPRITE,FAIRBANKS,UAF,UAF DELETED,FAIRBANKS,2026-10-15T19:18:08.329230+00:00,2026-10-15T19:28:26.822344+00:00,2026/288-19:18:08,2026/288-19:28:26,19:18:08,19:28:26,13:18:08,2026/288,10.3 min,16.3°,NE→SE,YES,DELETED,True,#777777,passes_manual.pkl,False
SPRITE,BOULDER,LASP,LASP UHF,BOULDER,2026-10-15T19:24:49.263621+00:00,2026-10-15T19:30:37.535822+00:00,2026/288-19:24:49,2026/288-19:30:37,19:24:49,19:30:37,13:24:49,2026/288,5.8 min,3.2°,NW→W,YES,UHF,False,#2fd23b,passes_manual.pkl,False
COSMO,BOULDER,LASP,LASP DELETED,BOULDER,2026-10-15T19:27:07.778465+00:00,2026-10-15T19:32:00.890897+00:00,2026/288-19:27:07,2026/288-19:32:00,19:27:07,19:32:00,13:27:07,2026/288,4.9 min,2.2°,E→NE,YES,DELETED,True,#777777,passes_manual.pkl,False
COSMO,FAIRBANKS,UAF,UAF DELETED,FAIRBANKS,2026-10-15T19:34:48.741782+00:00,2026-10-15T19:42:36.558636+00:00,2026/288-19:34:48,2026/288-19:42:36,19:34:48,19:42:36,13:34:48,2026/288,7.8 min,6.7°,NE→NW,YES,DELETED,True,#777777,passes_manual.pkl,False
AEPEX,BOULDER,LASP,LASP UHF,BOULDER,2026-10-15T19:37:58.850771+00:00,2026-10-15T19:44:27.338850+00:00,2026/288-19:37:58,2026/288-19:44:27,19:37:58,19:44:27,13:37:58,2026/288,6.5 min,4.2°,E→NE,YES,UHF,False,#ff5050,passes_manual.pkl,False
CANVAS,FAIRBANKS,UAF,UAF DELETED,FAIRBANKS,2026-10-15T19:41:24.929393+00:00,2026-10-15T19:52:29.396439+00:00,2026/288-19:41:24,2026/288-19:52:29,19:41:24,19:52:29,13:41:24,2026/288,11.1 min,34.9°,W→SE,YES,DELETED,True,#777777,passes_manual.pkl,False
AEPEX,FAIRBANKS,UAF,UAF DELETED,FAIRBANKS,2026-10-15T19:46:22.314720+00:00,2026-10-15T19:54:20.149091+00:00,2026/288-19:46:22,2026/288-19:54:20,19:46:22,19:54:20,13:46:22,2026/288,8.0 min,7.2°,NE→NW,YES,DELETED,True,#777777,passes_manual.pkl,False
CANVAS,BOULDER,LASP,LASP UHF+SBD,BOULDER,2026-10-15T19:50:20.322724+00:00,2026-10-15T20:01:36.112124+00:00,2026/288-19:50:20,2026/288-20:01:36,19:50:20,20:01:36,13:50:20,2026/288,11.3 min,44.1°,NW→SE,YES,UHF+SBD,False,#00d7ff,passes_manual.pkl,False
SPRITE,FAIRBANKS,UAF,UAF UHF,FAIRBANKS,2026-10-15T20:52:05.705995+00:00,2026-10-15T21:03:45.513866+00:00,2026/288-20:52:05,2026/288-21:03:45,20:52:05,21:03:45,14:52:05,2026/288,11.7 min,74.3°,N→S,YES,UHF,False,#2fd23b,passes_manual.pkl,False
COSMO,BOULDER,LASP,LASP DELETED,BOULDER,2026-10-15T20:56:48.839761+00:00,2026-10-15T21:08:09.158227+00:00,2026/288-20:56:48,2026/288-21:08:09,20:56:48,21:08:09,14:56:48,2026/288,11.3 min,50.1°,SE→N,YES,DELETED,True,#777777,passes_manual.pkl,False
COSMO,FAIRBANKS,UAF,UAF DELETED,FAIRBANKS,2026-10-15T21:06:19.529955+00:00,2026-10-15T21:16:05.571730+00:00,2026/288-21:06:19,2026/288-21:16:05,21:06:19,21:16:05,15:06:19,2026/288,9.8 min,14.4°,E→N,YES,DELETED,True,#777777,passes_manual.pkl,False
AEPEX,BOULDER,LASP,LASP UHF+SBD,BOULDER,2026-10-15T21:08:30.841615+00:00,2026-10-15T21:19:58.793489+00:00,2026/288-21:08:30,2026/288-21:19:58,21:08:30,21:19:58,15:08:30,2026/288,11.5 min,70.5°,S→N,YES,UHF+SBD,False,#ff5050,passes_manual.pkl,False
AEPEX,FAIRBANKS,UAF,UAF DELETED,FAIRBANKS,2026-10-15T21:17:53.585997+00:00,2026-10-15T21:27:52.377358+00:00,2026/288-21:17:53,2026/288-21:27:52,21:17:53,21:27:52,15:17:53,2026/288,10.0 min,15.9°,E→N,YES,DELETED,True,#777777,passes_manual.pkl,False
CANVAS,FAIRBANKS,UAF,UAF DELETED,FAIRBANKS,2026-10-15T21:18:31.233299+00:00,2026-10-15T21:28:56.285597+00:00,2026/288-21:18:31,2026/288-21:28:56,21:18:31,21:28:56,15:18:31,2026/288,10.4 min,20.7°,W→SE,YES,DELETED,True,#777777,passes_manual.pkl,False
CANVAS,BOULDER,LASP,LASP UHF,BOULDER,2026-10-15T21:28:11.385258+00:00,2026-10-15T21:37:54.331131+00:00,2026/288-21:28:11,2026/288-21:37:54,21:28:11,21:37:54,15:28:11,2026/288,9.7 min,14.3°,NW→S,YES,UHF,False,#00d7ff,passes_manual.pkl,False
SPRITE,FAIRBANKS,UAF,UAF UHF,FAIRBANKS,2026-10-15T22:26:11.820909+00:00,2026-10-15T22:37:06.757604+00:00,2026/288-22:26:11,2026/288-22:37:06,22:26:11,22:37:06,16:26:11,2026/288,10.9 min,26.5°,N→SW,YES,UHF,False,#2fd23b,passes_manual.pkl,False
COSMO,BOULDER,LASP,LASP UHF,BOULDER,2026-10-15T22:32:11.593104+00:00,2026-10-15T22:41:02.561745+00:00,2026/288-22:32:11,2026/288-22:41:02,22:32:11,22:41:02,16:32:11,2026/288,8.8 min,9.4°,SW→NW,YES,UHF,False,#b88df7,passes_manual.pkl,False
COSMO,FAIRBANKS,UAF,UAF DELETED,FAIRBANKS,2026-10-15T22:38:40.111083+00:00,2026-10-15T22:50:00.755319+00:00,2026/288-22:38:40,2026/288-22:50:00,22:38:40,22:50:00,16:38:40,2026/288,11.3 min,43.3°,SE→N,YES,DELETED,True,#777777,passes_manual.pkl,False
AEPEX,BOULDER,LASP,LASP DELETED,BOULDER,2026-10-15T22:44:34.219765+00:00,2026-10-15T22:52:24.254536+00:00,2026/288-22:44:34,2026/288-22:52:24,22:44:34,22:52:24,16:44:34,2026/288,7.8 min,6.4°,SW→NW,YES,DELETED,True,#777777,passes_manual.pkl,False
AEPEX,FAIRBANKS,UAF,UAF DELETED,FAIRBANKS,2026-10-15T22:50:21.352012+00:00,2026-10-15T23:01:47.310158+00:00,2026/288-22:50:21,2026/288-23:01:47,22:50:21,23:01:47,16:50:21,2026/288,11.4 min,50.9°,SE→N,YES,DELETED,True,#777777,passes_manual.pkl,False
CANVAS,FAIRBANKS,UAF,UAF UHF,FAIRBANKS,2026-10-15T22:56:01.954669+00:00,2026-10-15T23:03:59.860427+00:00,2026/288-22:56:01,2026/288-23:03:59,22:56:01,23:03:59,16:56:01,2026/288,8.0 min,7.1°,W→S,YES,UHF,False,#00d7ff,passes_manual.pkl,False
SPRITE,FAIRBANKS,UAF,UAF UHF,FAIRBANKS,2026-10-16T00:00:07.219540+00:00,2026-10-16T00:09:06.944740+00:00,2026/289-00:00:07,2026/289-00:09:06,00:00:07,00:09:06,18:00:07,2026/289,9.0 min,10.4°,N→W,YES,UHF,False,#2fd23b,passes_manual.pkl,False
COSMO,FAIRBANKS,UAF,UAF DELETED,FAIRBANKS,2026-10-16T00:12:36.656939+00:00,2026-10-16T00:23:58.836464+00:00,2026/289-00:12:36,2026/289-00:23:58,00:12:36,00:23:58,18:12:36,2026/289,11.4 min,38.7°,S→N,YES,DELETED,True,#777777,passes_manual.pkl,False
AEPEX,FAIRBANKS,UAF,UAF UHF,FAIRBANKS,2026-10-16T00:24:28.966557+00:00,2026-10-16T00:35:43.020926+00:00,2026/289-00:24:28,2026/289-00:35:43,00:24:28,00:35:43,18:24:28,2026/289,11.2 min,32.6°,S→N,YES,UHF,False,#ff5050,passes_manual.pkl,False
SPRITE,FAIRBANKS,UAF,UAF UHF,FAIRBANKS,2026-10-16T01:33:22.390014+00:00,2026-10-16T01:40:44.728000+00:00,2026/289-01:33:22,2026/289-01:40:44,01:33:22,01:40:44,19:33:22,2026/289,7.4 min,5.7°,NE→NW,YES,UHF,False,#2fd23b,passes_manual.pkl,False
COSMO,FAIRBANKS,UAF,UAF UHF,FAIRBANKS,2026-10-16T01:48:47.462775+00:00,2026-10-16T01:57:36.803131+00:00,2026/289-01:48:47,2026/289-01:57:36,01:48:47,01:57:36,19:48:47,2026/289,8.8 min,8.9°,SW→NW,YES,UHF,False,#b88df7,passes_manual.pkl,False
AEPEX,FAIRBANKS,UAF,UAF DELETED,FAIRBANKS,2026-10-16T02:00:56.989552+00:00,2026-10-16T02:09:14.110932+00:00,2026/289-02:00:56,2026/289-02:09:14,02:00:56,02:09:14,20:00:56,2026/289,8.3 min,7.3°,SW→NW,YES,DELETED,True,#777777,passes_manual.pkl,False
SPRITE,BOULDER,LASP,LASP UHF,BOULDER,2026-10-16T02:57:39.816813+00:00,2026-10-16T03:02:46.286349+00:00,2026/289-02:57:39,2026/289-03:02:46,02:57:39,03:02:46,20:57:39,2026/289,5.1 min,2.4°,E→NE,NO,UHF,False,#2fd23b,passes_manual.pkl,False
SPRITE,FAIRBANKS,UAF,UAF DELETED,FAIRBANKS,2026-10-16T03:05:26.468046+00:00,2026-10-16T03:13:17.570069+00:00,2026/289-03:05:26,2026/289-03:13:17,03:05:26,03:13:17,21:05:26,2026/289,7.9 min,6.8°,NE→NW,NO,DELETED,True,#777777,passes_manual.pkl,False
SPRITE,BOULDER,LASP,LASP UHF,BOULDER,2026-10-16T04:27:31.346311+00:00,2026-10-16T04:38:58.008268+00:00,2026/289-04:27:31,2026/289-04:38:58,04:27:31,04:38:58,22:27:31,2026/289,11.4 min,51.1°,SE→N,NO,UHF,False,#2fd23b,passes_manual.pkl,False
SPRITE,FAIRBANKS,UAF,UAF DELETED,FAIRBANKS,2026-10-16T04:37:03.664114+00:00,2026-10-16T04:46:53.664147+00:00,2026/289-04:37:03,2026/289-04:46:53,04:37:03,04:46:53,22:37:03,2026/289,9.8 min,14.6°,E→N,NO,DELETED,True,#777777,passes_manual.pkl,False
SPRITE,BOULDER,LASP,LASP UHF,BOULDER,2026-10-16T06:03:02.041385+00:00,2026-10-16T06:11:58.048996+00:00,2026/289-06:03:02,2026/289-06:11:58,06:03:02,06:11:58,00:03:02,2026/289,8.9 min,9.5°,SW→NW,NO,UHF,False,#2fd23b,passes_manual.pkl,False
SPRITE,FAIRBANKS,UAF,UAF DELETED,FAIRBANKS,2026-10-16T06:09:31.136133+00:00,2026-10-16T06:20:55.873341+00:00,2026/289-06:09:31,2026/289-06:20:55,06:09:31,06:20:55,00:09:31,2026/289,11.4 min,43.8°,SE→N,NO,DELETED,True,#777777,passes_manual.pkl,False
SPRITE,FAIRBANKS,UAF,UAF UHF,FAIRBANKS,2026-10-16T07:43:35.004221+00:00,2026-10-16T07:55:01.014007+00:00,2026/289-07:43:35,2026/289-07:55:01,07:43:35,07:55:01,01:43:35,2026/289,11.4 min,38.6°,S→N,NO,UHF,False,#2fd23b,passes_manual.pkl,False
COSMO,BOULDER,LASP,LASP UHF,BOULDER,2026-10-16T08:29:07.748100+00:00,2026-10-16T08:35:28.655314+00:00,2026/289-08:29:07,2026/289-08:35:28,08:29:07,08:35:28,02:29:07,2026/289,6.3 min,3.7°,NE→SE,NO,UHF,False,#b88df7,passes_manual.pkl,False
AEPEX,BOULDER,LASP,LASP UHF,BOULDER,2026-10-16T08:40:10.556378+00:00,2026-10-16T08:47:52.383519+00:00,2026/289-08:40:10,2026/289-08:47:52,08:40:10,08:47:52,02:40:10,2026/289,7.7 min,6.1°,NE→SE,NO,UHF,False,#ff5050,passes_manual.pkl,False
SPRITE,FAIRBANKS,UAF,UAF UHF,FAIRBANKS,2026-10-16T09:19:53.572045+00:00,2026-10-16T09:28:46.192647+00:00,2026/289-09:19:53,2026/289-09:28:46,09:19:53,09:28:46,03:19:53,2026/289,8.9 min,8.9°,SW→NW,NO,UHF,False,#2fd23b,passes_manual.pkl,False
COSMO,FAIRBANKS,UAF,UAF DELETED,FAIRBANKS,2026-10-16T09:58:52.576895+00:00,2026-10-16T09:59:36.432735+00:00,2026/289-09:58:52,2026/289-09:59:36,09:58:52,09:59:36,03:58:52,2026/289,0.7 min,0.0°,NE→NE,YES,DELETED,True,#777777,passes_manual.pkl,False
COSMO,BOULDER,LASP,LASP UHF,BOULDER,2026-10-16T10:00:55.697398+00:00,2026-10-16T10:12:31.296424+00:00,2026/289-10:00:55,2026/289-10:12:31,10:00:55,10:12:31,04:00:55,2026/289,11.6 min,79.5°,N→S,NO,UHF,False,#b88df7,passes_manual.pkl,False
AEPEX,FAIRBANKS,UAF,UAF DELETED,FAIRBANKS,2026-10-16T10:09:20.504397+00:00,2026-10-16T10:12:49.274338+00:00,2026/289-10:09:20,2026/289-10:12:49,10:09:20,10:12:49,04:09:20,2026/289,3.5 min,0.9°,NE→E,YES,DELETED,True,#777777,passes_manual.pkl,False
AEPEX,BOULDER,LASP,LASP SBD,BOULDER,2026-10-16T10:12:31.312899+00:00,2026-10-16T10:24:03.224320+00:00,2026/289-10:12:31,2026/289-10:24:03,10:12:31,10:24:03,04:12:31,2026/289,11.5 min,75.0°,N→S,NO,SBD,False,#ff5050,passes_manual.pkl,False
CANVAS,BOULDER,LASP,LASP UHF+SBD,BOULDER,2026-10-16T11:10:39.434995+00:00,2026-10-16T11:21:35.712187+00:00,2026/289-11:10:39,2026/289-11:21:35,11:10:39,11:21:35,05:10:39,2026/289,10.9 min,27.2°,S→NE,NO,UHF+SBD,False,#00d7ff,passes_manual.pkl,False
COSMO,FAIRBANKS,UAF,UAF DELETED,FAIRBANKS,2026-10-16T11:30:09.605650+00:00,2026-10-16T11:39:51.343307+00:00,2026/289-11:30:09,2026/289-11:39:51,11:30:09,11:39:51,05:30:09,2026/289,9.7 min,12.4°,NE→SE,YES,DELETED,True,#777777,passes_manual.pkl,False
COSMO,BOULDER,LASP,LASP UHF,BOULDER,2026-10-16T11:35:58.965670+00:00,2026-10-16T11:43:53.791798+00:00,2026/289-11:35:58,2026/289-11:43:53,11:35:58,11:43:53,05:35:58,2026/289,7.9 min,7.0°,N→W,NO,UHF,False,#b88df7,passes_manual.pkl,False
AEPEX,FAIRBANKS,UAF,UAF DELETED,FAIRBANKS,2026-10-16T11:41:41.301402+00:00,2026-10-16T11:51:42.452300+00:00,2026/289-11:41:41,2026/289-11:51:42,11:41:41,11:51:42,05:41:41,2026/289,10.0 min,14.4°,NE→SE,YES,DELETED,True,#777777,passes_manual.pkl,False
AEPEX,BOULDER,LASP,LASP DELETED,BOULDER,2026-10-16T11:47:57.053527+00:00,2026-10-16T11:54:43.736434+00:00,2026/289-11:47:57,2026/289-11:54:43,11:47:57,11:54:43,05:47:57,2026/289,6.8 min,4.6°,NW→W,NO,DELETED,True,#777777,passes_manual.pkl,False
CANVAS,BOULDER,LASP,LASP UHF+SBD,BOULDER,2026-10-16T12:48:01.288996+00:00,2026-10-16T12:58:59.420400+00:00,2026/289-12:48:01,2026/289-12:58:59,12:48:01,12:58:59,06:48:01,2026/289,11.0 min,25.9°,SW→NE,NO,UHF+SBD,False,#00d7ff,passes_manual.pkl,False
COSMO,FAIRBANKS,UAF,UAF DELETED,FAIRBANKS,2026-10-16T13:03:55.062530+00:00,2026-10-16T13:15:30.195972+00:00,2026/289-13:03:55,2026/289-13:15:30,13:03:55,13:15:30,07:03:55,2026/289,11.6 min,54.0°,N→S,YES,DELETED,True,#777777,passes_manual.pkl,False
AEPEX,FAIRBANKS,UAF,UAF UHF,FAIRBANKS,2026-10-16T13:15:27.985191+00:00,2026-10-16T13:27:04.185156+00:00,2026/289-13:15:27,2026/289-13:27:04,13:15:27,13:27:04,07:15:27,2026/289,11.6 min,64.6°,N→S,YES,UHF,False,#ff5050,passes_manual.pkl,False
CANVAS,FAIRBANKS,UAF,UAF DELETED,FAIRBANKS,2026-10-16T14:27:31.958172+00:00,2026-10-16T14:34:12.926161+00:00,2026/289-14:27:31,2026/289-14:34:12,14:27:31,14:34:12,08:27:31,2026/289,6.7 min,4.4°,S→E,YES,DELETED,True,#777777,passes_manual.pkl,False
CANVAS,BOULDER,LASP,LASP UHF,BOULDER,2026-10-16T14:28:31.208111+00:00,2026-10-16T14:35:43.416116+00:00,2026/289-14:28:31,2026/289-14:35:43,14:28:31,14:35:43,08:28:31,2026/289,7.2 min,4.9°,NW→N,YES,UHF,False,#00d7ff,passes_manual.pkl,False
COSMO,FAIRBANKS,UAF,UAF UHF,FAIRBANKS,2026-10-16T14:37:54.112467+00:00,2026-10-16T14:49:04.249569+00:00,2026/289-14:37:54,2026/289-14:49:04,14:37:54,14:49:04,08:37:54,2026/289,11.2 min,33.2°,N→SW,YES,UHF,False,#b88df7,passes_manual.pkl,False
AEPEX,FAIRBANKS,UAF,UAF DELETED,FAIRBANKS,2026-10-16T14:49:25.606508+00:00,2026-10-16T15:00:25.502776+00:00,2026/289-14:49:25,2026/289-15:00:25,14:49:25,15:00:25,08:49:25,2026/289,11.0 min,29.1°,N→SW,YES,DELETED,True,#777777,passes_manual.pkl,False
SPRITE,BOULDER,LASP,LASP UHF,BOULDER,2026-10-16T16:00:37.574953+00:00,2026-10-16T16:07:11.192887+00:00,2026/289-16:00:37,2026/289-16:07:11,16:00:37,16:07:11,10:00:37,2026/289,6.6 min,4.0°,NE→SE,YES,UHF,False,#2fd23b,passes_manual.pkl,False
CANVAS,FAIRBANKS,UAF,UAF DELETED,FAIRBANKS,2026-10-16T16:01:56.180680+00:00,2026-10-16T16:12:01.626876+00:00,2026/289-16:01:56,2026/289-16:12:01,16:01:56,16:12:01,10:01:56,2026/289,10.1 min,16.8°,SW→E,YES,DELETED,True,#777777,passes_manual.pkl,False
CANVAS,BOULDER,LASP,LASP DELETED,BOULDER,2026-10-16T16:09:44.404870+00:00,2026-10-16T16:13:39.780399+00:00,2026/289-16:09:44,2026/289-16:13:39,16:09:44,16:13:39,10:09:44,2026/289,3.9 min,1.2°,N→NE,YES,DELETED,True,#777777,passes_manual.pkl,False
COSMO,FAIRBANKS,UAF,UAF UHF,FAIRBANKS,2026-10-16T16:11:46.517391+00:00,2026-10-16T16:21:09.656250+00:00,2026/289-16:11:46,2026/289-16:21:09,16:11:46,16:21:09,10:11:46,2026/289,9.4 min,12.1°,N→W,YES,UHF,False,#b88df7,passes_manual.pkl,False
AEPEX,FAIRBANKS,UAF,UAF DELETED,FAIRBANKS,2026-10-16T16:23:14.516571+00:00,2026-10-16T16:32:22.406295+00:00,2026/289-16:23:14,2026/289-16:32:22,16:23:14,16:32:22,10:23:14,2026/289,9.1 min,11.0°,N→W,YES,DELETED,True,#777777,passes_manual.pkl,False
SPRITE,FAIRBANKS,UAF,UAF DELETED,FAIRBANKS,2026-10-16T17:30:08.740710+00:00,2026-10-16T17:31:48.529356+00:00,2026/289-17:30:08,2026/289-17:31:48,17:30:08,17:31:48,11:30:08,2026/289,1.7 min,0.2°,NE→NE,YES,DELETED,True,#777777,passes_manual.pkl,False
SPRITE,BOULDER,LASP,LASP UHF,BOULDER,2026-10-16T17:32:37.802278+00:00,2026-10-16T17:44:13.499558+00:00,2026/289-17:32:37,2026/289-17:44:13,17:32:37,17:44:13,11:32:37,2026/289,11.6 min,83.1°,N→S,YES,UHF,False,#2fd23b,passes_manual.pkl,False
CANVAS,FAIRBANKS,UAF,UAF DELETED,FAIRBANKS,2026-10-16T17:38:08.770270+00:00,2026-10-16T17:49:09.749575+00:00,2026/289-17:38:08,2026/289-17:49:09,17:38:08,17:49:09,11:38:08,2026/289,11.0 min,31.9°,SW→E,YES,DELETED,True,#777777,passes_manual.pkl,False
COSMO,FAIRBANKS,UAF,UAF UHF,FAIRBANKS,2026-10-16T17:45:06.218637+00:00,2026-10-16T17:52:38.380119+00:00,2026/289-17:45:06,2026/289-17:52:38,17:45:06,17:52:38,11:45:06,2026/289,7.5 min,6.1°,NE→NW,YES,UHF,False,#b88df7,passes_manual.pkl,False
CANVAS,BOULDER,LASP,LASP DELETED,BOULDER,2026-10-16T17:47:10.722645+00:00,2026-10-16T17:55:08.554394+00:00,2026/289-17:47:10,2026/289-17:55:08,17:47:10,17:55:08,11:47:10,2026/289,8.0 min,6.6°,N→E,YES,DELETED,True,#777777,passes_manual.pkl,False
AEPEX,FAIRBANKS,UAF,UAF DELETED,FAIRBANKS,2026-10-16T17:56:26.835398+00:00,2026-10-16T18:03:50.381428+00:00,2026/289-17:56:26,2026/289-18:03:50,17:56:26,18:03:50,11:56:26,2026/289,7.4 min,5.8°,NE→NW,YES,DELETED,True,#777777,passes_manual.pkl,False
SPRITE,FAIRBANKS,UAF,UAF DELETED,FAIRBANKS,2026-10-16T19:01:57.477134+00:00,2026-10-16T19:11:43.772661+00:00,2026/289-19:01:57,2026/289-19:11:43,19:01:57,19:11:43,13:01:57,2026/289,9.8 min,12.7°,NE→SE,YES,DELETED,True,#777777,passes_manual.pkl,False
SPRITE,BOULDER,LASP,LASP UHF,BOULDER,2026-10-16T19:07:51.383650+00:00,2026-10-16T19:15:37.093536+00:00,2026/289-19:07:51,2026/289-19:15:37,19:07:51,19:15:37,13:07:51,2026/289,7.8 min,6.6°,N→W,YES,UHF,False,#2fd23b,passes_manual.pkl,False
CANVAS,FAIRBANKS,UAF,UAF DELETED,FAIRBANKS,2026-10-16T19:15:02.080548+00:00,2026-10-16T19:26:07.595208+00:00,2026/289-19:15:02,2026/289-19:26:07,19:15:02,19:26:07,13:15:02,2026/289,11.1 min,35.5°,W→E,YES,DELETED,True,#777777,passes_manual.pkl,False
COSMO,FAIRBANKS,UAF,UAF DELETED,FAIRBANKS,2026-10-16T19:17:17.491323+00:00,2026-10-16T19:24:49.571165+00:00,2026/289-19:17:17,2026/289-19:24:49,19:17:17,19:24:49,13:17:17,2026/289,7.5 min,6.1°,NE→NW,YES,DELETED,True,#777777,passes_manual.pkl,False
AEPEX,BOULDER,LASP,LASP DELETED,BOULDER,2026-10-16T19:21:39.258020+00:00,2026-10-16T19:24:42.366796+00:00,2026/289-19:21:39,2026/289-19:24:42,19:21:39,19:24:42,13:21:39,2026/289,3.1 min,0.8°,E→NE,YES,DELETED,True,#777777,passes_manual.pkl,False
CANVAS,BOULDER,LASP,LASP UHF+SBD,BOULDER,2026-10-16T19:23:57.499909+00:00,2026-10-16T19:35:07.270126+00:00,2026/289-19:23:57,2026/289-19:35:07,19:23:57,19:35:07,13:23:57,2026/289,11.2 min,37.1°,NW→SE,YES,UHF+SBD,False,#00d7ff,passes_manual.pkl,False
AEPEX,FAIRBANKS,UAF,UAF DELETED,FAIRBANKS,2026-10-16T19:28:28.843519+00:00,2026-10-16T19:36:08.212455+00:00,2026/289-19:28:28,2026/289-19:36:08,19:28:28,19:36:08,13:28:28,2026/289,7.7 min,6.4°,NE→NW,YES,DELETED,True,#777777,passes_manual.pkl,False
SPRITE,FAIRBANKS,UAF,UAF UHF,FAIRBANKS,2026-10-16T20:35:50.546024+00:00,2026-10-16T20:47:27.008762+00:00,2026/289-20:35:50,2026/289-20:47:27,20:35:50,20:47:27,14:35:50,2026/289,11.6 min,55.8°,N→S,YES,UHF,False,#2fd23b,passes_manual.pkl,False
COSMO,BOULDER,LASP,LASP DELETED,BOULDER,2026-10-16T20:39:08.594588+00:00,2026-10-16T20:50:03.947168+00:00,2026/289-20:39:08,2026/289-20:50:03,20:39:08,20:50:03,14:39:08,2026/289,10.9 min,29.4°,SE→N,YES,DELETED,True,#777777,passes_manual.pkl,False
COSMO,FAIRBANKS,UAF,UAF DELETED,FAIRBANKS,2026-10-16T20:48:46.845728+00:00,2026-10-16T20:58:09.306756+00:00,2026/289-20:48:46,2026/289-20:58:09,20:48:46,20:58:09,14:48:46,2026/289,9.4 min,12.2°,E→N,YES,DELETED,True,#777777,passes_manual.pkl,False
AEPEX,BOULDER,LASP,LASP UHF+SBD,BOULDER,2026-10-16T20:50:21.388170+00:00,2026-10-16T21:01:32.822003+00:00,2026/289-20:50:21,2026/289-21:01:32,20:50:21,21:01:32,14:50:21,2026/289,11.2 min,39.2°,SE→N,YES,UHF+SBD,False,#ff5050,passes_manual.pkl,False
CANVAS,FAIRBANKS,UAF,UAF DELETED,FAIRBANKS,2026-10-16T20:52:07.657536+00:00,2026-10-16T21:02:38.027158+00:00,2026/289-20:52:07,2026/289-21:02:38,20:52:07,21:02:38,14:52:07,2026/289,10.5 min,21.8°,W→SE,YES,DELETED,True,#777777,passes_manual.pkl,False
AEPEX,FAIRBANKS,UAF,UAF DELETED,FAIRBANKS,2026-10-16T20:59:56.873198+00:00,2026-10-16T21:09:31.949622+00:00,2026/289-20:59:56,2026/289-21:09:31,20:59:56,21:09:31,14:59:56,2026/289,9.6 min,13.3°,E→N,YES,DELETED,True,#777777,passes_manual.pkl,False
CANVAS,BOULDER,LASP,LASP DELETED,BOULDER,2026-10-16T21:01:39.742936+00:00,2026-10-16T21:11:44.383747+00:00,2026/289-21:01:39,2026/289-21:11:44,21:01:39,21:11:44,15:01:39,2026/289,10.1 min,17.1°,NW→S,YES,DELETED,True,#777777,passes_manual.pkl,False
SPRITE,FAIRBANKS,UAF,UAF UHF,FAIRBANKS,2026-10-16T22:09:56.565770+00:00,2026-10-16T22:21:06.018278+00:00,2026/289-22:09:56,2026/289-22:21:06,22:09:56,22:21:06,16:09:56,2026/289,11.2 min,32.4°,N→SW,YES,UHF,False,#2fd23b,passes_manual.pkl,False
COSMO,BOULDER,LASP,LASP UHF,BOULDER,2026-10-16T22:13:27.710293+00:00,2026-10-16T22:23:33.594025+00:00,2026/289-22:13:27,2026/289-22:23:33,22:13:27,22:23:33,16:13:27,2026/289,10.1 min,16.0°,SW→NW,YES,UHF,False,#b88df7,passes_manual.pkl,False
COSMO,FAIRBANKS,UAF,UAF DELETED,FAIRBANKS,2026-10-16T22:20:53.378644+00:00,2026-10-16T22:32:01.639135+00:00,2026/289-22:20:53,2026/289-22:32:01,22:20:53,22:32:01,16:20:53,2026/289,11.1 min,33.5°,SE→N,YES,DELETED,True,#777777,passes_manual.pkl,False
AEPEX,BOULDER,LASP,LASP DELETED,BOULDER,2026-10-16T22:25:13.163878+00:00,2026-10-16T22:34:41.804484+00:00,2026/289-22:25:13,2026/289-22:34:41,22:25:13,22:34:41,16:25:13,2026/289,9.5 min,12.0°,SW→NW,YES,DELETED,True,#777777,passes_manual.pkl,False
CANVAS,FAIRBANKS,UAF,UAF UHF,FAIRBANKS,2026-10-16T22:29:34.557259+00:00,2026-10-16T22:37:50.873992+00:00,2026/289-22:29:34,2026/289-22:37:50,22:29:34,22:37:50,16:29:34,2026/289,8.3 min,8.0°,W→S,YES,UHF,False,#00d7ff,passes_manual.pkl,False
AEPEX,FAIRBANKS,UAF,UAF DELETED,FAIRBANKS,2026-10-16T22:32:09.355562+00:00,2026-10-16T22:43:24.491489+00:00,2026/289-22:32:09,2026/289-22:43:24,22:32:09,22:43:24,16:32:09,2026/289,11.3 min,38.5°,SE→N,YES,DELETED,True,#777777,passes_manual.pkl,False
SPRITE,FAIRBANKS,UAF,UAF UHF,FAIRBANKS,2026-10-16T23:43:55.384878+00:00,2026-10-16T23:53:16.977467+00:00,2026/289-23:43:55,2026/289-23:53:16,23:43:55,23:53:16,17:43:55,2026/289,9.4 min,12.0°,N→W,YES,UHF,False,#2fd23b,passes_manual.pkl,False
COSMO,FAIRBANKS,UAF,UAF DELETED,FAIRBANKS,2026-10-16T23:54:28.845608+00:00,2026-10-17T00:06:00.469242+00:00,2026/289-23:54:28,2026/290-00:06:00,23:54:28,00:06:00,17:54:28,2026/289,11.5 min,52.8°,S→N,YES,DELETED,True,#777777,passes_manual.pkl,False
AEPEX,FAIRBANKS,UAF,UAF UHF,FAIRBANKS,2026-10-17T00:05:54.733106+00:00,2026-10-17T00:17:21.428716+00:00,2026/290-00:05:54,2026/290-00:17:21,00:05:54,00:17:21,18:05:54,2026/290,11.4 min,44.3°,S→N,YES,UHF,False,#ff5050,passes_manual.pkl,False
SPRITE,FAIRBANKS,UAF,UAF UHF,FAIRBANKS,2026-10-17T01:17:20.438666+00:00,2026-10-17T01:24:52.756000+00:00,2026/290-01:17:20,2026/290-01:24:52,01:17:20,01:24:52,19:17:20,2026/290,7.5 min,6.1°,NE→NW,YES,UHF,False,#2fd23b,passes_manual.pkl,False
COSMO,FAIRBANKS,UAF,UAF UHF,FAIRBANKS,2026-10-17T01:30:09.575005+00:00,2026-10-17T01:39:45.299005+00:00,2026/290-01:30:09,2026/290-01:39:45,01:30:09,01:39:45,19:30:09,2026/290,9.6 min,12.1°,SW→NW,YES,UHF,False,#b88df7,passes_manual.pkl,False
AEPEX,FAIRBANKS,UAF,UAF DELETED,FAIRBANKS,2026-10-17T01:41:50.165166+00:00,2026-10-17T01:51:01.100433+00:00,2026/290-01:41:50,2026/290-01:51:01,01:41:50,01:51:01,19:41:50,2026/290,9.2 min,10.2°,SW→NW,YES,DELETED,True,#777777,passes_manual.pkl,False
SPRITE,FAIRBANKS,UAF,UAF UHF,FAIRBANKS,2026-10-17T02:49:36.369836+00:00,2026-10-17T02:57:12.628361+00:00,2026/290-02:49:36,2026/290-02:57:12,02:49:36,02:57:12,20:49:36,2026/290,7.6 min,6.2°,NE→NW,NO,UHF,False,#2fd23b,passes_manual.pkl,False
SPRITE,BOULDER,LASP,LASP UHF,BOULDER,2026-10-17T04:11:32.312176+00:00,2026-10-17T04:22:37.259087+00:00,2026/290-04:11:32,2026/290-04:22:37,04:11:32,04:22:37,22:11:32,2026/290,11.1 min,31.6°,SE→N,NO,UHF,False,#2fd23b,passes_manual.pkl,False
SPRITE,FAIRBANKS,UAF,UAF DELETED,FAIRBANKS,2026-10-17T04:21:12.073069+00:00,2026-10-17T04:30:40.517252+00:00,2026/290-04:21:12,2026/290-04:30:40,04:21:12,04:30:40,22:21:12,2026/290,9.5 min,12.5°,E→N,NO,DELETED,True,#777777,passes_manual.pkl,False
SPRITE,BOULDER,LASP,LASP UHF,BOULDER,2026-10-17T05:46:05.344948+00:00,2026-10-17T05:56:10.207475+00:00,2026/290-05:46:05,2026/290-05:56:10,05:46:05,05:56:10,23:46:05,2026/290,10.1 min,15.3°,SW→NW,NO,UHF,False,#2fd23b,passes_manual.pkl,False
SPRITE,FAIRBANKS,UAF,UAF DELETED,FAIRBANKS,2026-10-17T05:53:26.750621+00:00,2026-10-17T06:04:40.239519+00:00,2026/290-05:53:26,2026/290-06:04:40,05:53:26,06:04:40,23:53:26,2026/290,11.2 min,34.7°,SE→N,NO,DELETED,True,#777777,passes_manual.pkl,False
SPRITE,FAIRBANKS,UAF,UAF UHF,FAIRBANKS,2026-10-17T07:27:11.540673+00:00,2026-10-17T07:38:46.128270+00:00,2026/290-07:27:11,2026/290-07:38:46,07:27:11,07:38:46,01:27:11,2026/290,11.6 min,51.0°,S→N,NO,UHF,False,#2fd23b,passes_manual.pkl,False
AEPEX,BOULDER,LASP,LASP DELETED,BOULDER,2026-10-17T08:23:06.268773+00:00,2026-10-17T08:27:46.065790+00:00,2026/290-08:23:06,2026/290-08:27:46,08:23:06,08:27:46,02:23:06,2026/290,4.7 min,1.8°,NE→E,NO,DELETED,True,#777777,passes_manual.pkl,False
SPRITE,FAIRBANKS,UAF,UAF UHF,FAIRBANKS,2026-10-17T09:03:02.851608+00:00,2026-10-17T09:12:37.558920+00:00,2026/290-09:03:02,2026/290-09:12:37,09:03:02,09:12:37,03:03:02,2026/290,9.6 min,11.8°,SW→NW,NO,UHF,False,#2fd23b,passes_manual.pkl,False
COSMO,BOULDER,LASP,LASP DELETED,BOULDER,2026-10-17T09:43:01.502820+00:00,2026-10-17T09:54:27.328925+00:00,2026/290-09:43:01,2026/290-09:54:27,09:43:01,09:54:27,03:43:01,2026/290,11.4 min,44.3°,N→S,NO,DELETED,True,#777777,passes_manual.pkl,False
AEPEX,BOULDER,LASP,LASP UHF+SBD,BOULDER,2026-10-17T09:54:10.871131+00:00,2026-10-17T10:05:41.728926+00:00,2026/290-09:54:10,2026/290-10:05:41,09:54:10,10:05:41,03:54:10,2026/290,11.5 min,60.7°,N→S,NO,UHF+SBD,False,#ff5050,passes_manual.pkl,False
CANVAS,BOULDER,LASP,LASP UHF+SBD,BOULDER,2026-10-17T10:44:24.139309+00:00,2026-10-17T10:55:06.654363+00:00,2026/290-10:44:24,2026/290-10:55:06,10:44:24,10:55:06,04:44:24,2026/290,10.7 min,22.8°,S→NE,NO,UHF+SBD,False,#00d7ff,passes_manual.pkl,False
COSMO,FAIRBANKS,UAF,UAF DELETED,FAIRBANKS,2026-10-17T11:12:17.224599+00:00,2026-10-17T11:21:13.780862+00:00,2026/290-11:12:17,2026/290-11:21:13,11:12:17,11:21:13,05:12:17,2026/290,8.9 min,9.2°,NE→SE,YES,DELETED,True,#777777,passes_manual.pkl,False
COSMO,BOULDER,LASP,LASP UHF,BOULDER,2026-10-17T11:17:31.059129+00:00,2026-10-17T11:26:51.884265+00:00,2026/290-11:17:31,2026/290-11:26:51,11:17:31,11:26:51,05:17:31,2026/290,9.3 min,12.0°,N→SW,NO,UHF,False,#b88df7,passes_manual.pkl,False
AEPEX,FAIRBANKS,UAF,UAF DELETED,FAIRBANKS,2026-10-17T11:23:24.483737+00:00,2026-10-17T11:32:44.685282+00:00,2026/290-11:23:24,2026/290-11:32:44,11:23:24,11:32:44,05:23:24,2026/290,9.3 min,10.8°,NE→SE,YES,DELETED,True,#777777,passes_manual.pkl,False
AEPEX,BOULDER,LASP,LASP DELETED,BOULDER,2026-10-17T11:28:56.505656+00:00,2026-10-17T11:37:31.846655+00:00,2026/290-11:28:56,2026/290-11:37:31,11:28:56,11:37:31,05:28:56,2026/290,8.6 min,9.0°,N→SW,NO,DELETED,True,#777777,passes_manual.pkl,False
CANVAS,BOULDER,LASP,LASP UHF+SBD,BOULDER,2026-10-17T12:21:28.996452+00:00,2026-10-17T12:32:36.739238+00:00,2026/290-12:21:28,2026/290-12:32:36,12:21:28,12:32:36,06:21:28,2026/290,11.1 min,29.9°,SW→NE,NO,UHF+SBD,False,#00d7ff,passes_manual.pkl,False
COSMO,FAIRBANKS,UAF,UAF DELETED,FAIRBANKS,2026-10-17T12:45:55.931407+00:00,2026-10-17T12:57:22.331443+00:00,2026/290-12:45:55,2026/290-12:57:22,12:45:55,12:57:22,06:45:55,2026/290,11.4 min,39.6°,N→S,YES,DELETED,True,#777777,passes_manual.pkl,False
AEPEX,FAIRBANKS,UAF,UAF UHF,FAIRBANKS,2026-10-17T12:57:05.361332+00:00,2026-10-17T13:08:35.360875+00:00,2026/290-12:57:05,2026/290-13:08:35,12:57:05,13:08:35,06:57:05,2026/290,11.5 min,46.6°,N→S,YES,UHF,False,#ff5050,passes_manual.pkl,False
CANVAS,FAIRBANKS,UAF,UAF DELETED,FAIRBANKS,2026-10-17T14:01:29.479061+00:00,2026-10-17T14:07:40.336247+00:00,2026/290-14:01:29,2026/290-14:07:40,14:01:29,14:07:40,08:01:29,2026/290,6.2 min,3.6°,SE→E,YES,DELETED,True,#777777,passes_manual.pkl,False
CANVAS,BOULDER,LASP,LASP UHF,BOULDER,2026-10-17T14:01:47.066715+00:00,2026-10-17T14:09:21.319832+00:00,2026/290-14:01:47,2026/290-14:09:21,14:01:47,14:09:21,08:01:47,2026/290,7.6 min,5.6°,NW→N,YES,UHF,False,#00d7ff,passes_manual.pkl,False
COSMO,FAIRBANKS,UAF,UAF UHF,FAIRBANKS,2026-10-17T14:19:54.122711+00:00,2026-10-17T14:31:17.276875+00:00,2026/290-14:19:54,2026/290-14:31:17,14:19:54,14:31:17,08:19:54,2026/290,11.4 min,42.9°,N→SW,YES,UHF,False,#b88df7,passes_manual.pkl,False
AEPEX,FAIRBANKS,UAF,UAF DELETED,FAIRBANKS,2026-10-17T14:31:02.496379+00:00,2026-10-17T14:42:17.374846+00:00,2026/290-14:31:02,2026/290-14:42:17,14:31:02,14:42:17,08:31:02,2026/290,11.2 min,37.1°,N→SW,YES,DELETED,True,#777777,passes_manual.pkl,False
CANVAS,FAIRBANKS,UAF,UAF DELETED,FAIRBANKS,2026-10-17T15:35:39.376432+00:00,2026-10-17T15:45:37.003051+00:00,2026/290-15:35:39,2026/290-15:45:37,15:35:39,15:45:37,09:35:39,2026/290,10.0 min,15.7°,SW→E,YES,DELETED,True,#777777,passes_manual.pkl,False
CANVAS,BOULDER,LASP,LASP DELETED,BOULDER,2026-10-17T15:43:09.886825+00:00,2026-10-17T15:47:02.844631+00:00,2026/290-15:43:09,2026/290-15:47:02,15:43:09,15:47:02,09:43:09,2026/290,3.9 min,1.2°,N→N,YES,DELETED,True,#777777,passes_manual.pkl,False
SPRITE,BOULDER,LASP,LASP DELETED,BOULDER,2026-10-17T15:46:09.250911+00:00,2026-10-17T15:48:43.879801+00:00,2026/290-15:46:09,2026/290-15:48:43,15:46:09,15:48:43,09:46:09,2026/290,2.6 min,0.5°,E→E,YES,DELETED,True,#777777,passes_manual.pkl,False
COSMO,FAIRBANKS,UAF,UAF UHF,FAIRBANKS,2026-10-17T15:53:49.233449+00:00,2026-10-17T16:03:36.561284+00:00,2026/290-15:53:49,2026/290-16:03:36,15:53:49,16:03:36,09:53:49,2026/290,9.8 min,14.4°,N→W,YES,UHF,False,#b88df7,passes_manual.pkl,False
AEPEX,FAIRBANKS,UAF,UAF DELETED,FAIRBANKS,2026-10-17T16:04:54.697763+00:00,2026-10-17T16:14:27.491333+00:00,2026/290-16:04:54,2026/290-16:14:27,16:04:54,16:14:27,10:04:54,2026/290,9.5 min,13.0°,N→W,YES,DELETED,True,#777777,passes_manual.pkl,False
CANVAS,FAIRBANKS,UAF,UAF DELETED,FAIRBANKS,2026-10-17T17:11:46.883947+00:00,2026-10-17T17:22:46.148144+00:00,2026/290-17:11:46,2026/290-17:22:46,17:11:46,17:22:46,11:11:46,2026/290,11.0 min,30.9°,SW→E,YES,DELETED,True,#777777,passes_manual.pkl,False
SPRITE,BOULDER,LASP,LASP UHF,BOULDER,2026-10-17T17:16:26.335695+00:00,2026-10-17T17:27:55.121833+00:00,2026/290-17:16:26,2026/290-17:27:55,17:16:26,17:27:55,11:16:26,2026/290,11.5 min,49.1°,N→S,YES,UHF,False,#2fd23b,passes_manual.pkl,False
CANVAS,BOULDER,LASP,LASP DELETED,BOULDER,2026-10-17T17:20:48.562750+00:00,2026-10-17T17:28:25.431304+00:00,2026/290-17:20:48,2026/290-17:28:25,17:20:48,17:28:25,11:20:48,2026/290,7.6 min,5.8°,N→NE,YES,DELETED,True,#777777,passes_manual.pkl,False
COSMO,FAIRBANKS,UAF,UAF UHF,FAIRBANKS,2026-10-17T17:27:18.038009+00:00,2026-10-17T17:35:06.505980+00:00,2026/290-17:27:18,2026/290-17:35:06,17:27:18,17:35:06,11:27:18,2026/290,7.8 min,6.7°,NE→NW,YES,UHF,False,#b88df7,passes_manual.pkl,False
AEPEX,FAIRBANKS,UAF,UAF DELETED,FAIRBANKS,2026-10-17T17:38:17.278123+00:00,2026-10-17T17:45:54.928488+00:00,2026/290-17:38:17,2026/290-17:45:54,17:38:17,17:45:54,11:38:17,2026/290,7.6 min,6.3°,NE→NW,YES,DELETED,True,#777777,passes_manual.pkl,False
SPRITE,FAIRBANKS,UAF,UAF DELETED,FAIRBANKS,2026-10-17T18:45:48.019216+00:00,2026-10-17T18:54:54.784320+00:00,2026/290-18:45:48,2026/290-18:54:54,18:45:48,18:54:54,12:45:48,2026/290,9.1 min,9.8°,NE→SE,YES,DELETED,True,#777777,passes_manual.pkl,False
CANVAS,FAIRBANKS,UAF,UAF DELETED,FAIRBANKS,2026-10-17T18:48:38.492514+00:00,2026-10-17T18:59:44.868341+00:00,2026/290-18:48:38,2026/290-18:59:44,18:48:38,18:59:44,12:48:38,2026/290,11.1 min,36.0°,W→E,YES,DELETED,True,#777777,passes_manual.pkl,False
SPRITE,BOULDER,LASP,LASP UHF,BOULDER,2026-10-17T18:51:08.655969+00:00,2026-10-17T19:00:15.791276+00:00,2026/290-18:51:08,2026/290-19:00:15,18:51:08,19:00:15,12:51:08,2026/290,9.1 min,10.9°,N→SW,YES,UHF,False,#2fd23b,passes_manual.pkl,False
CANVAS,BOULDER,LASP,LASP SBD,BOULDER,2026-10-17T18:57:34.157380+00:00,2026-10-17T19:08:36.525340+00:00,2026/290-18:57:34,2026/290-19:08:36,18:57:34,19:08:36,12:57:34,2026/290,11.0 min,31.6°,NW→SE,YES,SBD,False,#00d7ff,passes_manual.pkl,False
COSMO,FAIRBANKS,UAF,UAF DELETED,FAIRBANKS,2026-10-17T18:59:43.487143+00:00,2026-10-17T19:07:04.309865+00:00,2026/290-18:59:43,2026/290-19:07:04,18:59:43,19:07:04,12:59:43,2026/290,7.3 min,5.7°,NE→NW,YES,DELETED,True,#777777,passes_manual.pkl,False
AEPEX,FAIRBANKS,UAF,UAF UHF,FAIRBANKS,2026-10-17T19:10:33.383881+00:00,2026-10-17T19:17:58.422575+00:00,2026/290-19:10:33,2026/290-19:17:58,19:10:33,19:17:58,13:10:33,2026/290,7.4 min,5.9°,NE→NW,YES,UHF,False,#ff5050,passes_manual.pkl,False
SPRITE,FAIRBANKS,UAF,UAF UHF,FAIRBANKS,2026-10-17T20:19:35.342193+00:00,2026-10-17T20:31:04.512064+00:00,2026/290-20:19:35,2026/290-20:31:04,20:19:35,20:31:04,14:19:35,2026/290,11.5 min,42.1°,N→S,YES,UHF,False,#2fd23b,passes_manual.pkl,False
COSMO,BOULDER,LASP,LASP DELETED,BOULDER,2026-10-17T20:21:38.371999+00:00,2026-10-17T20:31:52.073534+00:00,2026/290-20:21:38,2026/290-20:31:52,20:21:38,20:31:52,14:21:38,2026/290,10.2 min,18.5°,SE→N,YES,DELETED,True,#777777,passes_manual.pkl,False
CANVAS,FAIRBANKS,UAF,UAF DELETED,FAIRBANKS,2026-10-17T20:25:43.372371+00:00,2026-10-17T20:36:18.590831+00:00,2026/290-20:25:43,2026/290-20:36:18,20:25:43,20:36:18,14:25:43,2026/290,10.6 min,23.0°,W→SE,YES,DELETED,True,#777777,passes_manual.pkl,False
COSMO,FAIRBANKS,UAF,UAF DELETED,FAIRBANKS,2026-10-17T20:31:14.629388+00:00,2026-10-17T20:40:13.141507+00:00,2026/290-20:31:14,2026/290-20:40:13,20:31:14,20:40:13,14:31:14,2026/290,9.0 min,10.4°,E→N,YES,DELETED,True,#777777,passes_manual.pkl,False
AEPEX,BOULDER,LASP,LASP UHF+SBD,BOULDER,2026-10-17T20:32:22.445968+00:00,2026-10-17T20:43:00.769658+00:00,2026/290-20:32:22,2026/290-20:43:00,20:32:22,20:43:00,14:32:22,2026/290,10.6 min,23.6°,SE→N,YES,UHF+SBD,False,#ff5050,passes_manual.pkl,False
CANVAS,BOULDER,LASP,LASP DELETED,BOULDER,2026-10-17T20:35:08.585708+00:00,2026-10-17T20:45:31.656918+00:00,2026/290-20:35:08,2026/290-20:45:31,20:35:08,20:45:31,14:35:08,2026/290,10.4 min,20.4°,NW→S,YES,DELETED,True,#777777,passes_manual.pkl,False
AEPEX,FAIRBANKS,UAF,UAF DELETED,FAIRBANKS,2026-10-17T20:42:01.434477+00:00,2026-10-17T20:51:12.001525+00:00,2026/290-20:42:01,2026/290-20:51:12,20:42:01,20:51:12,14:42:01,2026/290,9.2 min,11.3°,E→N,YES,DELETED,True,#777777,passes_manual.pkl,False
SPRITE,FAIRBANKS,UAF,UAF UHF,FAIRBANKS,2026-10-17T21:53:40.753444+00:00,2026-10-17T22:05:02.246957+00:00,2026/290-21:53:40,2026/290-22:05:02,21:53:40,22:05:02,15:53:40,2026/290,11.4 min,40.6°,N→SW,YES,UHF,False,#2fd23b,passes_manual.pkl,False
COSMO,BOULDER,LASP,LASP UHF,BOULDER,2026-10-17T21:54:59.139208+00:00,2026-10-17T22:05:52.570712+00:00,2026/290-21:54:59,2026/290-22:05:52,21:54:59,22:05:52,15:54:59,2026/290,10.9 min,26.1°,S→NW,YES,UHF,False,#b88df7,passes_manual.pkl,False
CANVAS,FAIRBANKS,UAF,UAF DELETED,FAIRBANKS,2026-10-17T22:03:06.974870+00:00,2026-10-17T22:11:40.018715+00:00,2026/290-22:03:06,2026/290-22:11:40,22:03:06,22:11:40,16:03:06,2026/290,8.6 min,8.9°,W→S,YES,DELETED,True,#777777,passes_manual.pkl,False
COSMO,FAIRBANKS,UAF,UAF DELETED,FAIRBANKS,2026-10-17T22:03:08.931506+00:00,2026-10-17T22:14:01.698915+00:00,2026/290-22:03:08,2026/290-22:14:01,22:03:08,22:14:01,16:03:08,2026/290,10.9 min,26.7°,SE→N,YES,DELETED,True,#777777,passes_manual.pkl,False
AEPEX,BOULDER,LASP,LASP SBD,BOULDER,2026-10-17T22:06:12.435059+00:00,2026-10-17T22:16:43.607764+00:00,2026/290-22:06:12,2026/290-22:16:43,22:06:12,22:16:43,16:06:12,2026/290,10.5 min,20.1°,S→NW,YES,SBD,False,#ff5050,passes_manual.pkl,False
AEPEX,FAIRBANKS,UAF,UAF DELETED,FAIRBANKS,2026-10-17T22:14:00.378260+00:00,2026-10-17T22:25:01.265069+00:00,2026/290-22:14:00,2026/290-22:25:01,22:14:00,22:25:01,16:14:00,2026/290,11.0 min,30.0°,SE→N,YES,DELETED,True,#777777,passes_manual.pkl,False
SPRITE,FAIRBANKS,UAF,UAF UHF,FAIRBANKS,2026-10-17T23:27:42.218055+00:00,2026-10-17T23:37:25.515875+00:00,2026/290-23:27:42,2026/290-23:37:25,23:27:42,23:37:25,17:27:42,2026/290,9.7 min,13.9°,N→W,YES,UHF,False,#2fd23b,passes_manual.pkl,False
COSMO,FAIRBANKS,UAF,UAF DELETED,FAIRBANKS,2026-10-17T23:36:24.509107+00:00,2026-10-17T23:48:00.630643+00:00,2026/290-23:36:24,2026/290-23:48:00,23:36:24,23:48:00,17:36:24,2026/290,11.6 min,72.9°,S→N,YES,DELETED,True,#777777,passes_manual.pkl,False
AEPEX,FAIRBANKS,UAF,UAF UHF,FAIRBANKS,2026-10-17T23:47:24.804358+00:00,2026-10-17T23:58:58.711489+00:00,2026/290-23:47:24,2026/290-23:58:58,23:47:24,23:58:58,17:47:24,2026/290,11.6 min,61.4°,S→N,YES,UHF,False,#ff5050,passes_manual.pkl,False
SPRITE,FAIRBANKS,UAF,UAF UHF,FAIRBANKS,2026-10-18T01:01:15.846477+00:00,2026-10-18T01:09:01.927097+00:00,2026/291-01:01:15,2026/291-01:09:01,01:01:15,01:09:01,19:01:15,2026/291,7.8 min,6.6°,NE→NW,YES,UHF,False,#2fd23b,passes_manual.pkl,False
COSMO,FAIRBANKS,UAF,UAF DELETED,FAIRBANKS,2026-10-18T01:11:37.663049+00:00,2026-10-18T01:21:50.397840+00:00,2026/291-01:11:37,2026/291-01:21:50,01:11:37,01:21:50,19:11:37,2026/291,10.2 min,15.9°,SW→NW,YES,DELETED,True,#777777,passes_manual.pkl,False
AEPEX,FAIRBANKS,UAF,UAF UHF,FAIRBANKS,2026-10-18T01:22:50.779485+00:00,2026-10-18T01:32:44.457704+00:00,2026/291-01:22:50,2026/291-01:32:44,01:22:50,01:32:44,19:22:50,2026/291,9.9 min,13.7°,SW→NW,YES,UHF,False,#ff5050,passes_manual.pkl,False
SPRITE,FAIRBANKS,UAF,UAF UHF,FAIRBANKS,2026-10-18T02:33:44.555436+00:00,2026-10-18T02:41:09.543364+00:00,2026/291-02:33:44,2026/291-02:41:09,02:33:44,02:41:09,20:33:44,2026/291,7.4 min,5.8°,NE→NW,NO,UHF,False,#2fd23b,passes_manual.pkl,False
COSMO,FAIRBANKS,UAF,UAF DELETED,FAIRBANKS,2026-10-18T02:50:04.440241+00:00,2026-10-18T02:54:30.817591+00:00,2026/291-02:50:04,2026/291-02:54:30,02:50:04,02:54:30,20:50:04,2026/291,4.4 min,1.6°,W→NW,YES,DELETED,True,#777777,passes_manual.pkl,False
AEPEX,FAIRBANKS,UAF,UAF DELETED,FAIRBANKS,2026-10-18T03:01:59.674999+00:00,2026-10-18T03:04:53.269942+00:00,2026/291-03:01:59,2026/291-03:04:53,03:01:59,03:04:53,21:01:59,2026/291,2.9 min,0.6°,W→NW,YES,DELETED,True,#777777,passes_manual.pkl,False
SPRITE,BOULDER,LASP,LASP UHF,BOULDER,2026-10-18T03:55:41.784681+00:00,2026-10-18T04:06:11.677438+00:00,2026/291-03:55:41,2026/291-04:06:11,03:55:41,04:06:11,21:55:41,2026/291,10.5 min,20.6°,SE→N,NO,UHF,False,#2fd23b,passes_manual.pkl,False
SPRITE,FAIRBANKS,UAF,UAF DELETED,FAIRBANKS,2026-10-18T04:05:21.390052+00:00,2026-10-18T04:14:27.911657+00:00,2026/291-04:05:21,2026/291-04:14:27,04:05:21,04:14:27,22:05:21,2026/291,9.1 min,10.8°,E→N,NO,DELETED,True,#777777,passes_manual.pkl,False
SPRITE,BOULDER,LASP,LASP UHF,BOULDER,2026-10-18T05:29:21.933893+00:00,2026-10-18T05:40:12.720644+00:00,2026/291-05:29:21,2026/291-05:40:12,05:29:21,05:40:12,23:29:21,2026/291,10.8 min,23.7°,S→NW,NO,UHF,False,#2fd23b,passes_manual.pkl,False
SPRITE,FAIRBANKS,UAF,UAF DELETED,FAIRBANKS,2026-10-18T05:37:24.729735+00:00,2026-10-18T05:48:24.421340+00:00,2026/291-05:37:24,2026/291-05:48:24,05:37:24,05:48:24,23:37:24,2026/291,11.0 min,28.2°,SE→N,NO,DELETED,True,#777777,passes_manual.pkl,False
SPRITE,FAIRBANKS,UAF,UAF UHF,FAIRBANKS,2026-10-18T07:10:51.388286+00:00,2026-10-18T07:22:30.500320+00:00,2026/291-07:10:51,2026/291-07:22:30,07:10:51,07:22:30,01:10:51,2026/291,11.7 min,68.1°,S→N,NO,UHF,False,#2fd23b,passes_manual.pkl,False
SPRITE,FAIRBANKS,UAF,UAF UHF,FAIRBANKS,2026-10-18T08:46:17.543728+00:00,2026-10-18T08:56:26.599660+00:00,2026/291-08:46:17,2026/291-08:56:26,08:46:17,08:56:26,02:46:17,2026/291,10.2 min,15.1°,SW→NW,NO,UHF,False,#2fd23b,passes_manual.pkl,False
COSMO,BOULDER,LASP,LASP DELETED,BOULDER,2026-10-18T09:25:12.324341+00:00,2026-10-18T09:36:11.111278+00:00,2026/291-09:25:12,2026/291-09:36:11,09:25:12,09:36:11,03:25:12,2026/291,11.0 min,26.1°,NE→S,NO,DELETED,True,#777777,passes_manual.pkl,False
AEPEX,BOULDER,LASP,LASP UHF+SBD,BOULDER,2026-10-18T09:35:55.656888+00:00,2026-10-18T09:47:08.462277+00:00,2026/291-09:35:55,2026/291-09:47:08,09:35:55,09:47:08,03:35:55,2026/291,11.2 min,33.9°,N→S,NO,UHF+SBD,False,#ff5050,passes_manual.pkl,False
CANVAS,BOULDER,LASP,LASP UHF+SBD,BOULDER,2026-10-18T10:18:09.808642+00:00,2026-10-18T10:28:35.770476+00:00,2026/291-10:18:09,2026/291-10:28:35,10:18:09,10:28:35,04:18:09,2026/291,10.4 min,19.2°,S→NE,NO,UHF+SBD,False,#00d7ff,passes_manual.pkl,False
SPRITE,FAIRBANKS,UAF,UAF DELETED,FAIRBANKS,2026-10-18T10:25:06.068086+00:00,2026-10-18T10:29:05.899269+00:00,2026/291-10:25:06,2026/291-10:29:05,10:25:06,10:29:05,04:25:06,2026/291,4.0 min,1.3°,W→NW,NO,DELETED,True,#777777,passes_manual.pkl,False
COSMO,FAIRBANKS,UAF,UAF DELETED,FAIRBANKS,2026-10-18T10:54:27.187445+00:00,2026-10-18T11:02:26.963711+00:00,2026/291-10:54:27,2026/291-11:02:26,10:54:27,11:02:26,04:54:27,2026/291,8.0 min,6.5°,NE→SE,YES,DELETED,True,#777777,passes_manual.pkl,False
COSMO,BOULDER,LASP,LASP UHF,BOULDER,2026-10-18T10:59:11.915440+00:00,2026-10-18T11:09:33.289754+00:00,2026/291-10:59:11,2026/291-11:09:33,10:59:11,11:09:33,04:59:11,2026/291,10.4 min,19.0°,N→SW,NO,UHF,False,#b88df7,passes_manual.pkl,False
AEPEX,FAIRBANKS,UAF,UAF DELETED,FAIRBANKS,2026-10-18T11:05:09.950730+00:00,2026-10-18T11:13:38.524870+00:00,2026/291-11:05:09,2026/291-11:13:38,11:05:09,11:13:38,05:05:09,2026/291,8.5 min,7.8°,NE→SE,YES,DELETED,True,#777777,passes_manual.pkl,False
AEPEX,BOULDER,LASP,LASP DELETED,BOULDER,2026-10-18T11:10:09.233836+00:00,2026-10-18T11:19:59.290810+00:00,2026/291-11:10:09,2026/291-11:19:59,11:10:09,11:19:59,05:10:09,2026/291,9.8 min,14.9°,N→SW,NO,DELETED,True,#777777,passes_manual.pkl,False
CANVAS,BOULDER,LASP,LASP UHF+SBD,BOULDER,2026-10-18T11:54:56.982270+00:00,2026-10-18T12:06:13.016069+00:00,2026/291-11:54:56,2026/291-12:06:13,11:54:56,12:06:13,05:54:56,2026/291,11.3 min,35.0°,SW→NE,NO,UHF+SBD,False,#00d7ff,passes_manual.pkl,False
COSMO,FAIRBANKS,UAF,UAF DELETED,FAIRBANKS,2026-10-18T12:27:56.367497+00:00,2026-10-18T12:39:08.636768+00:00,2026/291-12:27:56,2026/291-12:39:08,12:27:56,12:39:08,06:27:56,2026/291,11.2 min,29.7°,N→S,YES,DELETED,True,#777777,passes_manual.pkl,False
AEPEX,FAIRBANKS,UAF,UAF UHF,FAIRBANKS,2026-10-18T12:38:42.695642+00:00,2026-10-18T12:50:01.131007+00:00,2026/291-12:38:42,2026/291-12:50:01,12:38:42,12:50:01,06:38:42,2026/291,11.3 min,34.2°,N→S,YES,UHF,False,#ff5050,passes_manual.pkl,False
CANVAS,BOULDER,LASP,LASP UHF,BOULDER,2026-10-18T13:35:02.686516+00:00,2026-10-18T13:42:58.583675+00:00,2026/291-13:35:02,2026/291-13:42:58,13:35:02,13:42:58,07:35:02,2026/291,7.9 min,6.4°,W→N,YES,UHF,False,#00d7ff,passes_manual.pkl,False
CANVAS,FAIRBANKS,UAF,UAF DELETED,FAIRBANKS,2026-10-18T13:35:28.839173+00:00,2026-10-18T13:41:04.889173+00:00,2026/291-13:35:28,2026/291-13:41:04,13:35:28,13:41:04,07:35:28,2026/291,5.6 min,2.9°,SE→E,YES,DELETED,True,#777777,passes_manual.pkl,False
COSMO,FAIRBANKS,UAF,UAF UHF,FAIRBANKS,2026-10-18T14:01:52.994357+00:00,2026-10-18T14:13:25.727845+00:00,2026/291-14:01:52,2026/291-14:13:25,14:01:52,14:13:25,08:01:52,2026/291,11.5 min,57.0°,N→SW,YES,UHF,False,#b88df7,passes_manual.pkl,False
AEPEX,FAIRBANKS,UAF,UAF DELETED,FAIRBANKS,2026-10-18T14:12:38.635652+00:00,2026-10-18T14:24:05.121569+00:00,2026/291-14:12:38,2026/291-14:24:05,14:12:38,14:24:05,08:12:38,2026/291,11.4 min,48.9°,N→SW,YES,DELETED,True,#777777,passes_manual.pkl,False
CANVAS,FAIRBANKS,UAF,UAF DELETED,FAIRBANKS,2026-10-18T15:09:22.376248+00:00,2026-10-18T15:19:11.398182+00:00,2026/291-15:09:22,2026/291-15:19:11,15:09:22,15:19:11,09:09:22,2026/291,9.8 min,14.6°,S→E,YES,DELETED,True,#777777,passes_manual.pkl,False
CANVAS,BOULDER,LASP,LASP DELETED,BOULDER,2026-10-18T15:16:32.329529+00:00,2026-10-18T15:20:27.277042+00:00,2026/291-15:16:32,2026/291-15:20:27,15:16:32,15:20:27,09:16:32,2026/291,3.9 min,1.2°,N→N,YES,DELETED,True,#777777,passes_manual.pkl,False
COSMO,FAIRBANKS,UAF,UAF UHF,FAIRBANKS,2026-10-18T15:35:50.031911+00:00,2026-10-18T15:46:00.503223+00:00,2026/291-15:35:50,2026/291-15:46:00,15:35:50,15:46:00,09:35:50,2026/291,10.2 min,17.1°,N→W,YES,UHF,False,#b88df7,passes_manual.pkl,False
AEPEX,FAIRBANKS,UAF,UAF DELETED,FAIRBANKS,2026-10-18T15:46:33.253796+00:00,2026-10-18T15:56:30.238645+00:00,2026/291-15:46:33,2026/291-15:56:30,15:46:33,15:56:30,09:46:33,2026/291,9.9 min,15.6°,N→W,YES,DELETED,True,#777777,passes_manual.pkl,False
CANVAS,FAIRBANKS,UAF,UAF DELETED,FAIRBANKS,2026-10-18T16:45:24.435100+00:00,2026-10-18T16:56:21.725536+00:00,2026/291-16:45:24,2026/291-16:56:21,16:45:24,16:56:21,10:45:24,2026/291,11.0 min,29.9°,SW→E,YES,DELETED,True,#777777,passes_manual.pkl,False
CANVAS,BOULDER,LASP,LASP DELETED,BOULDER,2026-10-18T16:54:25.458667+00:00,2026-10-18T17:01:40.870815+00:00,2026/291-16:54:25,2026/291-17:01:40,16:54:25,17:01:40,10:54:25,2026/291,7.3 min,5.1°,N→NE,YES,DELETED,True,#777777,passes_manual.pkl,False
SPRITE,BOULDER,LASP,LASP UHF,BOULDER,2026-10-18T17:00:19.259817+00:00,2026-10-18T17:11:27.415513+00:00,2026/291-17:00:19,2026/291-17:11:27,17:00:19,17:11:27,11:00:19,2026/291,11.1 min,30.0°,NE→S,YES,UHF,False,#2fd23b,passes_manual.pkl,False
COSMO,FAIRBANKS,UAF,UAF UHF,FAIRBANKS,2026-10-18T17:09:26.392209+00:00,2026-10-18T17:17:34.720986+00:00,2026/291-17:09:26,2026/291-17:17:34,17:09:26,17:17:34,11:09:26,2026/291,8.1 min,7.6°,NE→NW,YES,UHF,False,#b88df7,passes_manual.pkl,False
AEPEX,FAIRBANKS,UAF,UAF DELETED,FAIRBANKS,2026-10-18T17:20:04.429388+00:00,2026-10-18T17:28:00.449654+00:00,2026/291-17:20:04,2026/291-17:28:00,17:20:04,17:28:00,11:20:04,2026/291,7.9 min,7.1°,NE→NW,YES,DELETED,True,#777777,passes_manual.pkl,False
CANVAS,FAIRBANKS,UAF,UAF DELETED,FAIRBANKS,2026-10-18T18:22:14.145849+00:00,2026-10-18T18:33:21.227969+00:00,2026/291-18:22:14,2026/291-18:33:21,18:22:14,18:33:21,12:22:14,2026/291,11.1 min,36.4°,W→E,YES,DELETED,True,#777777,passes_manual.pkl,False
SPRITE,FAIRBANKS,UAF,UAF DELETED,FAIRBANKS,2026-10-18T18:29:40.703065+00:00,2026-10-18T18:37:59.005144+00:00,2026/291-18:29:40,2026/291-18:37:59,18:29:40,18:37:59,12:29:40,2026/291,8.3 min,7.3°,NE→SE,YES,DELETED,True,#777777,passes_manual.pkl,False
CANVAS,BOULDER,LASP,LASP SBD,BOULDER,2026-10-18T18:31:10.254699+00:00,2026-10-18T18:42:03.881076+00:00,2026/291-18:31:10,2026/291-18:42:03,18:31:10,18:42:03,12:31:10,2026/291,10.9 min,27.2°,NW→SE,YES,SBD,False,#00d7ff,passes_manual.pkl,False
SPRITE,BOULDER,LASP,LASP UHF,BOULDER,2026-10-18T18:34:34.220044+00:00,2026-10-18T18:44:40.646621+00:00,2026/291-18:34:34,2026/291-18:44:40,18:34:34,18:44:40,12:34:34,2026/291,10.1 min,16.7°,N→SW,YES,UHF,False,#2fd23b,passes_manual.pkl,False
COSMO,FAIRBANKS,UAF,UAF DELETED,FAIRBANKS,2026-10-18T18:42:06.165498+00:00,2026-10-18T18:49:20.970610+00:00,2026/291-18:42:06,2026/291-18:49:20,18:42:06,18:49:20,12:42:06,2026/291,7.2 min,5.5°,NE→NW,YES,DELETED,True,#777777,passes_manual.pkl,False
AEPEX,FAIRBANKS,UAF,UAF UHF,FAIRBANKS,2026-10-18T18:52:35.263621+00:00,2026-10-18T18:59:51.048405+00:00,2026/291-18:52:35,2026/291-18:59:51,18:52:35,18:59:51,12:52:35,2026/291,7.3 min,5.6°,NE→NW,YES,UHF,False,#ff5050,passes_manual.pkl,False
CANVAS,FAIRBANKS,UAF,UAF DELETED,FAIRBANKS,2026-10-18T19:59:18.362421+00:00,2026-10-18T20:09:57.977209+00:00,2026/291-19:59:18,2026/291-20:09:57,19:59:18,20:09:57,13:59:18,2026/291,10.7 min,24.2°,W→SE,YES,DELETED,True,#777777,passes_manual.pkl,False
SPRITE,FAIRBANKS,UAF,UAF UHF,FAIRBANKS,2026-10-18T20:03:20.218395+00:00,2026-10-18T20:14:37.791167+00:00,2026/291-20:03:20,2026/291-20:14:37,20:03:20,20:14:37,14:03:20,2026/291,11.3 min,32.3°,N→S,YES,UHF,False,#2fd23b,passes_manual.pkl,False
COSMO,BOULDER,LASP,LASP DELETED,BOULDER,2026-10-18T20:04:19.747133+00:00,2026-10-18T20:13:32.178862+00:00,2026/291-20:04:19,2026/291-20:13:32,20:04:19,20:13:32,14:04:19,2026/291,9.2 min,11.6°,SE→N,YES,DELETED,True,#777777,passes_manual.pkl,False
CANVAS,BOULDER,LASP,LASP SBD,BOULDER,2026-10-18T20:08:37.737738+00:00,2026-10-18T20:19:16.303262+00:00,2026/291-20:08:37,2026/291-20:19:16,20:08:37,20:19:16,14:08:37,2026/291,10.6 min,24.4°,NW→S,YES,SBD,False,#00d7ff,passes_manual.pkl,False
COSMO,FAIRBANKS,UAF,UAF DELETED,FAIRBANKS,2026-10-18T20:13:42.368710+00:00,2026-10-18T20:22:17.360799+00:00,2026/291-20:13:42,2026/291-20:22:17,20:13:42,20:22:17,14:13:42,2026/291,8.6 min,9.0°,E→N,YES,DELETED,True,#777777,passes_manual.pkl,False
AEPEX,BOULDER,LASP,LASP UHF,BOULDER,2026-10-18T20:14:35.073909+00:00,2026-10-18T20:24:21.764659+00:00,2026/291-20:14:35,2026/291-20:24:21,20:14:35,20:24:21,14:14:35,2026/291,9.8 min,14.8°,SE→N,YES,UHF,False,#ff5050,passes_manual.pkl,False
AEPEX,FAIRBANKS,UAF,UAF DELETED,FAIRBANKS,2026-10-18T20:24:06.754901+00:00,2026-10-18T20:32:52.776420+00:00,2026/291-20:24:06,2026/291-20:32:52,20:24:06,20:32:52,14:24:06,2026/291,8.8 min,9.6°,E→N,YES,DELETED,True,#777777,passes_manual.pkl,False
CANVAS,FAIRBANKS,UAF,UAF DELETED,FAIRBANKS,2026-10-18T21:36:39.108316+00:00,2026-10-18T21:45:27.395281+00:00,2026/291-21:36:39,2026/291-21:45:27,21:36:39,21:45:27,15:36:39,2026/291,8.8 min,9.8°,W→S,YES,DELETED,True,#777777,passes_manual.pkl,False
COSMO,BOULDER,LASP,LASP UHF,BOULDER,2026-10-18T21:36:42.422266+00:00,2026-10-18T21:48:02.832319+00:00,2026/291-21:36:42,2026/291-21:48:02,21:36:42,21:48:02,15:36:42,2026/291,11.3 min,44.6°,S→N,YES,UHF,False,#b88df7,passes_manual.pkl,False
SPRITE,FAIRBANKS,UAF,UAF UHF,FAIRBANKS,2026-10-18T21:37:24.445955+00:00,2026-10-18T21:48:55.289372+00:00,2026/291-21:37:24,2026/291-21:48:55,21:37:24,21:48:55,15:37:24,2026/291,11.5 min,52.2°,N→SW,YES,UHF,False,#2fd23b,passes_manual.pkl,False
COSMO,FAIRBANKS,UAF,UAF DELETED,FAIRBANKS,2026-10-18T21:45:26.506909+00:00,2026-10-18T21:56:01.088826+00:00,2026/291-21:45:26,2026/291-21:56:01,21:45:26,21:56:01,15:45:26,2026/291,10.6 min,21.7°,SE→N,YES,DELETED,True,#777777,passes_manual.pkl,False
AEPEX,BOULDER,LASP,LASP SBD,BOULDER,2026-10-18T21:47:26.193273+00:00,2026-10-18T21:58:35.271270+00:00,2026/291-21:47:26,2026/291-21:58:35,21:47:26,21:58:35,15:47:26,2026/291,11.2 min,33.6°,S→N,YES,SBD,False,#ff5050,passes_manual.pkl,False
AEPEX,FAIRBANKS,UAF,UAF DELETED,FAIRBANKS,2026-10-18T21:55:54.183743+00:00,2026-10-18T22:06:37.763789+00:00,2026/291-21:55:54,2026/291-22:06:37,21:55:54,22:06:37,15:55:54,2026/291,10.7 min,24.0°,SE→N,YES,DELETED,True,#777777,passes_manual.pkl,False
SPRITE,FAIRBANKS,UAF,UAF UHF,FAIRBANKS,2026-10-18T23:11:27.916090+00:00,2026-10-18T23:21:32.210146+00:00,2026/291-23:11:27,2026/291-23:21:32,23:11:27,23:21:32,17:11:27,2026/291,10.1 min,16.2°,N→W,YES,UHF,False,#2fd23b,passes_manual.pkl,False
COSMO,FAIRBANKS,UAF,UAF DELETED,FAIRBANKS,2026-10-18T23:18:23.413022+00:00,2026-10-18T23:29:59.472092+00:00,2026/291-23:18:23,2026/291-23:29:59,23:18:23,23:29:59,17:18:23,2026/291,11.6 min,83.2°,SE→N,YES,DELETED,True,#777777,passes_manual.pkl,False
AEPEX,FAIRBANKS,UAF,UAF UHF,FAIRBANKS,2026-10-18T23:28:58.907899+00:00,2026-10-18T23:40:35.047507+00:00,2026/291-23:28:58,2026/291-23:40:35,23:28:58,23:40:35,17:28:58,2026/291,11.6 min,84.4°,S→N,YES,UHF,False,#ff5050,passes_manual.pkl,False
SPRITE,FAIRBANKS,UAF,UAF UHF,FAIRBANKS,2026-10-19T00:45:08.824754+00:00,2026-10-19T00:53:11.773440+00:00,2026/292-00:45:08,2026/292-00:53:11,00:45:08,00:53:11,18:45:08,2026/292,8.0 min,7.3°,NE→NW,YES,UHF,False,#2fd23b,passes_manual.pkl,False
COSMO,FAIRBANKS,UAF,UAF DELETED,FAIRBANKS,2026-10-19T00:53:10.921386+00:00,2026-10-19T01:03:52.789990+00:00,2026/292-00:53:10,2026/292-01:03:52,00:53:10,01:03:52,18:53:10,2026/292,10.7 min,20.8°,SW→N,YES,DELETED,True,#777777,passes_manual.pkl,False
AEPEX,FAIRBANKS,UAF,UAF UHF,FAIRBANKS,2026-10-19T01:03:57.733448+00:00,2026-10-19T01:14:25.152955+00:00,2026/292-01:03:57,2026/292-01:14:25,01:03:57,01:14:25,19:03:57,2026/292,10.5 min,18.1°,SW→N,YES,UHF,False,#ff5050,passes_manual.pkl,False
SPRITE,FAIRBANKS,UAF,UAF UHF,FAIRBANKS,2026-10-19T02:17:50.594313+00:00,2026-10-19T02:25:08.465904+00:00,2026/292-02:17:50,2026/292-02:25:08,02:17:50,02:25:08,20:17:50,2026/292,7.3 min,5.6°,NE→NW,YES,UHF,False,#2fd23b,passes_manual.pkl,False
COSMO,FAIRBANKS,UAF,UAF UHF,FAIRBANKS,2026-10-19T02:30:43.650176+00:00,2026-10-19T02:37:01.896193+00:00,2026/292-02:30:43,2026/292-02:37:01,02:30:43,02:37:01,20:30:43,2026/292,6.3 min,3.5°,W→NW,YES,UHF,False,#b88df7,passes_manual.pkl,False
AEPEX,FAIRBANKS,UAF,UAF UHF,FAIRBANKS,2026-10-19T02:41:54.133761+00:00,2026-10-19T02:47:20.279043+00:00,2026/292-02:41:54,2026/292-02:47:20,02:41:54,02:47:20,20:41:54,2026/292,5.4 min,2.5°,W→NW,YES,UHF,False,#ff5050,passes_manual.pkl,False
SPRITE,BOULDER,LASP,LASP UHF,BOULDER,2026-10-19T03:40:00.727521+00:00,2026-10-19T03:49:40.431955+00:00,2026/292-03:40:00,2026/292-03:49:40,03:40:00,03:49:40,21:40:00,2026/292,9.7 min,13.7°,SE→N,NO,UHF,False,#2fd23b,passes_manual.pkl,False
COSMO,BOULDER,LASP,LASP DELETED,BOULDER,2026-10-19T09:07:29.788871+00:00,2026-10-19T09:17:40.921686+00:00,2026/292-09:07:29,2026/292-09:17:40,09:07:29,09:17:40,03:07:29,2026/292,10.2 min,16.0°,NE→SE,NO,DELETED,True,#777777,passes_manual.pkl,False
AEPEX,BOULDER,LASP,LASP UHF+SBD,BOULDER,2026-10-19T09:17:46.894070+00:00,2026-10-19T09:28:22.196425+00:00,2026/292-09:17:46,2026/292-09:28:22,09:17:46,09:28:22,03:17:46,2026/292,10.6 min,20.3°,NE→S,NO,UHF+SBD,False,#ff5050,passes_manual.pkl,False
CANVAS,BOULDER,LASP,LASP UHF,BOULDER,2026-10-19T09:51:56.600473+00:00,2026-10-19T10:02:02.888563+00:00,2026/292-09:51:56,2026/292-10:02:02,09:51:56,10:02:02,03:51:56,2026/292,10.1 min,16.1°,S→NE,NO,UHF,False,#00d7ff,passes_manual.pkl,False
CANVAS,FAIRBANKS,UAF,UAF UHF,FAIRBANKS,2026-10-19T13:09:30.909805+00:00,2026-10-19T13:14:25.726959+00:00,2026/292-13:09:30,2026/292-13:14:25,13:09:30,13:14:25,07:09:30,2026/292,4.9 min,2.1°,SE→E,YES,UHF,False,#00d7ff,passes_manual.pkl,False
